rl	V(vo)
1.000000000000000e-02	4.528944e-03
2.000000000000000e-02	9.080828e-03
3.000000000000000e-02	1.365583e-02
4.000000000000000e-02	1.825416e-02
5.000000000000000e-02	2.287588e-02
6.000000000000000e-02	2.752130e-02
7.000000000000001e-02	3.219054e-02
8.000000000000000e-02	3.688380e-02
9.000000000000000e-02	4.160127e-02
9.999999999999999e-02	4.634312e-02
1.100000000000000e-01	5.110956e-02
1.200000000000000e-01	5.590076e-02
1.300000000000000e-01	6.071693e-02
1.400000000000000e-01	6.555825e-02
1.500000000000000e-01	7.042494e-02
1.600000000000000e-01	7.531719e-02
1.700000000000000e-01	8.023519e-02
1.800000000000000e-01	8.517916e-02
1.900000000000000e-01	9.014930e-02
2.000000000000000e-01	9.514581e-02
2.100000000000000e-01	1.001689e-01
2.200000000000001e-01	1.052188e-01
2.300000000000001e-01	1.102957e-01
2.400000000000001e-01	1.153999e-01
2.500000000000001e-01	1.205315e-01
2.600000000000001e-01	1.256908e-01
2.700000000000001e-01	1.308780e-01
2.800000000000001e-01	1.360933e-01
2.900000000000001e-01	1.413369e-01
3.000000000000001e-01	1.466092e-01
3.100000000000001e-01	1.519102e-01
3.200000000000001e-01	1.572404e-01
3.300000000000001e-01	1.625998e-01
3.400000000000001e-01	1.679888e-01
3.500000000000001e-01	1.734075e-01
3.600000000000002e-01	1.788563e-01
3.700000000000002e-01	1.843355e-01
3.800000000000002e-01	1.898450e-01
3.900000000000002e-01	1.953854e-01
4.000000000000002e-01	2.009569e-01
4.100000000000002e-01	2.065596e-01
4.200000000000002e-01	2.121940e-01
4.300000000000002e-01	2.178602e-01
4.400000000000002e-01	2.235585e-01
4.500000000000002e-01	2.292892e-01
4.600000000000002e-01	2.350526e-01
4.700000000000003e-01	2.408489e-01
4.800000000000003e-01	2.466784e-01
4.900000000000003e-01	2.525415e-01
5.000000000000002e-01	2.584383e-01
5.100000000000002e-01	2.643693e-01
5.200000000000002e-01	2.703347e-01
5.300000000000002e-01	2.763347e-01
5.400000000000003e-01	2.823698e-01
5.500000000000003e-01	2.884402e-01
5.600000000000003e-01	2.945461e-01
5.700000000000003e-01	3.006881e-01
5.800000000000003e-01	3.068662e-01
5.900000000000003e-01	3.130810e-01
6.000000000000003e-01	3.193326e-01
6.100000000000003e-01	3.256215e-01
6.200000000000003e-01	3.319479e-01
6.300000000000003e-01	3.383122e-01
6.400000000000003e-01	3.447148e-01
6.500000000000004e-01	3.511559e-01
6.600000000000004e-01	3.576360e-01
6.700000000000004e-01	3.641554e-01
6.800000000000004e-01	3.707144e-01
6.900000000000004e-01	3.773135e-01
7.000000000000004e-01	3.839529e-01
7.100000000000004e-01	3.906330e-01
7.200000000000004e-01	3.973543e-01
7.300000000000004e-01	4.041171e-01
7.400000000000004e-01	4.109218e-01
7.500000000000004e-01	4.177687e-01
7.600000000000005e-01	4.246584e-01
7.700000000000005e-01	4.315911e-01
7.800000000000005e-01	4.385673e-01
7.900000000000005e-01	4.455874e-01
8.000000000000005e-01	4.526518e-01
8.100000000000005e-01	4.597610e-01
8.200000000000005e-01	4.669152e-01
8.300000000000005e-01	4.741151e-01
8.400000000000005e-01	4.813610e-01
8.500000000000005e-01	4.886534e-01
8.600000000000005e-01	4.959927e-01
8.700000000000006e-01	5.033793e-01
8.800000000000006e-01	5.108138e-01
8.900000000000006e-01	5.182966e-01
9.000000000000006e-01	5.258281e-01
9.100000000000006e-01	5.334089e-01
9.200000000000006e-01	5.410397e-01
9.300000000000006e-01	5.487202e-01
9.400000000000006e-01	5.564516e-01
9.500000000000006e-01	5.642343e-01
9.600000000000006e-01	5.720687e-01
9.700000000000006e-01	5.799553e-01
9.800000000000006e-01	5.878948e-01
9.900000000000007e-01	5.958875e-01
1.000000000000001e+00	6.039341e-01
1.010000000000001e+00	6.120351e-01
1.020000000000001e+00	6.201910e-01
1.030000000000001e+00	6.284024e-01
1.040000000000001e+00	6.366699e-01
1.050000000000001e+00	6.449944e-01
1.060000000000001e+00	6.533755e-01
1.070000000000001e+00	6.618146e-01
1.080000000000001e+00	6.703125e-01
1.090000000000001e+00	6.788689e-01
1.100000000000001e+00	6.874871e-01
1.110000000000001e+00	6.961617e-01
1.120000000000001e+00	7.048993e-01
1.130000000000001e+00	7.136983e-01
1.140000000000001e+00	7.225595e-01
1.150000000000001e+00	7.314836e-01
1.160000000000001e+00	7.404713e-01
1.170000000000001e+00	7.495232e-01
1.180000000000001e+00	7.586399e-01
1.190000000000001e+00	7.678223e-01
1.200000000000001e+00	7.770711e-01
1.210000000000001e+00	7.863868e-01
1.220000000000001e+00	7.957703e-01
1.230000000000001e+00	8.052224e-01
1.240000000000001e+00	8.147438e-01
1.250000000000001e+00	8.243351e-01
1.260000000000001e+00	8.339972e-01
1.270000000000001e+00	8.437310e-01
1.280000000000001e+00	8.535372e-01
1.290000000000001e+00	8.634166e-01
1.300000000000001e+00	8.733699e-01
1.310000000000001e+00	8.833982e-01
1.320000000000001e+00	8.935022e-01
1.330000000000001e+00	9.036826e-01
1.340000000000001e+00	9.139429e-01
1.350000000000001e+00	9.242769e-01
1.360000000000001e+00	9.346925e-01
1.370000000000001e+00	9.451883e-01
1.380000000000001e+00	9.557649e-01
1.390000000000001e+00	9.664237e-01
1.400000000000001e+00	9.771654e-01
1.410000000000001e+00	9.879911e-01
1.420000000000001e+00	9.989017e-01
1.430000000000001e+00	1.009898e+00
1.440000000000001e+00	1.020982e+00
1.450000000000001e+00	1.032153e+00
1.460000000000001e+00	1.043414e+00
1.470000000000001e+00	1.054765e+00
1.480000000000001e+00	1.066206e+00
1.490000000000001e+00	1.077741e+00
1.500000000000001e+00	1.089368e+00
1.510000000000001e+00	1.101090e+00
1.520000000000001e+00	1.112908e+00
1.530000000000001e+00	1.124823e+00
1.540000000000001e+00	1.136835e+00
1.550000000000001e+00	1.148948e+00
1.560000000000001e+00	1.161160e+00
1.570000000000001e+00	1.173475e+00
1.580000000000001e+00	1.185892e+00
1.590000000000001e+00	1.198414e+00
1.600000000000001e+00	1.211042e+00
1.610000000000001e+00	1.223788e+00
1.620000000000001e+00	1.236619e+00
1.630000000000001e+00	1.249572e+00
1.640000000000001e+00	1.262636e+00
1.650000000000001e+00	1.275813e+00
1.660000000000001e+00	1.289104e+00
1.670000000000001e+00	1.302510e+00
1.680000000000001e+00	1.316034e+00
1.690000000000001e+00	1.329676e+00
1.700000000000001e+00	1.343438e+00
1.710000000000001e+00	1.357322e+00
1.720000000000001e+00	1.371330e+00
1.730000000000001e+00	1.385463e+00
1.740000000000001e+00	1.399722e+00
1.750000000000001e+00	1.414110e+00
1.760000000000001e+00	1.428628e+00
1.770000000000001e+00	1.443278e+00
1.780000000000001e+00	1.458062e+00
1.790000000000001e+00	1.472982e+00
1.800000000000001e+00	1.488039e+00
1.810000000000001e+00	1.503235e+00
1.820000000000001e+00	1.518574e+00
1.830000000000001e+00	1.534055e+00
1.840000000000001e+00	1.549697e+00
1.850000000000001e+00	1.565455e+00
1.860000000000001e+00	1.581379e+00
1.870000000000001e+00	1.597454e+00
1.880000000000001e+00	1.613683e+00
1.890000000000001e+00	1.630069e+00
1.900000000000001e+00	1.646610e+00
1.910000000000001e+00	1.663316e+00
1.920000000000001e+00	1.680183e+00
1.930000000000001e+00	1.697217e+00
1.940000000000002e+00	1.714416e+00
1.950000000000002e+00	1.731786e+00
1.960000000000002e+00	1.749330e+00
1.970000000000002e+00	1.767051e+00
1.980000000000002e+00	1.784958e+00
1.990000000000002e+00	1.803023e+00
2.000000000000001e+00	1.821284e+00
2.010000000000001e+00	1.839732e+00
2.020000000000001e+00	1.858368e+00
2.030000000000001e+00	1.877197e+00
2.040000000000000e+00	1.896221e+00
2.050000000000000e+00	1.915443e+00
2.060000000000000e+00	1.934866e+00
2.070000000000000e+00	1.954494e+00
2.080000000000000e+00	1.974329e+00
2.089999999999999e+00	1.994376e+00
2.099999999999999e+00	2.014636e+00
2.109999999999999e+00	2.035115e+00
2.119999999999999e+00	2.055814e+00
2.129999999999999e+00	2.076739e+00
2.139999999999998e+00	2.097892e+00
2.149999999999998e+00	2.119278e+00
2.159999999999998e+00	2.140900e+00
2.169999999999998e+00	2.162762e+00
2.179999999999997e+00	2.184868e+00
2.189999999999997e+00	2.207223e+00
2.199999999999997e+00	2.229830e+00
2.209999999999997e+00	2.252694e+00
2.219999999999997e+00	2.275820e+00
2.229999999999996e+00	2.299210e+00
2.239999999999996e+00	2.322871e+00
2.249999999999996e+00	2.346807e+00
2.259999999999996e+00	2.371022e+00
2.269999999999996e+00	2.395522e+00
2.279999999999995e+00	2.420312e+00
2.289999999999995e+00	2.445399e+00
2.299999999999995e+00	2.470784e+00
2.309999999999995e+00	2.496475e+00
2.319999999999995e+00	2.522478e+00
2.329999999999994e+00	2.548797e+00
2.339999999999994e+00	2.575439e+00
2.349999999999994e+00	2.602416e+00
2.359999999999994e+00	2.629715e+00
2.369999999999993e+00	2.657363e+00
2.379999999999993e+00	2.685356e+00
2.389999999999993e+00	2.713703e+00
2.399999999999993e+00	2.742412e+00
2.409999999999993e+00	2.771488e+00
2.419999999999992e+00	2.800939e+00
2.429999999999992e+00	2.830796e+00
2.439999999999992e+00	2.860996e+00
2.449999999999992e+00	2.891615e+00
2.459999999999992e+00	2.922641e+00
2.469999999999991e+00	2.954079e+00
2.479999999999991e+00	2.985939e+00
2.489999999999991e+00	3.018228e+00
2.499999999999991e+00	3.050957e+00
2.509999999999990e+00	3.084153e+00
2.519999999999990e+00	3.117767e+00
2.529999999999990e+00	3.151868e+00
2.539999999999990e+00	3.186442e+00
2.549999999999990e+00	3.221540e+00
2.559999999999989e+00	3.257066e+00
2.569999999999989e+00	3.293134e+00
2.579999999999989e+00	3.329717e+00
2.589999999999989e+00	3.366844e+00
2.599999999999989e+00	3.404480e+00
2.609999999999988e+00	3.442686e+00
2.619999999999988e+00	3.481457e+00
2.629999999999988e+00	3.520806e+00
2.639999999999988e+00	3.560744e+00
2.649999999999987e+00	3.601289e+00
2.659999999999987e+00	3.642449e+00
2.669999999999987e+00	3.684242e+00
2.679999999999987e+00	3.726681e+00
2.689999999999987e+00	3.769781e+00
2.699999999999986e+00	3.813558e+00
2.709999999999986e+00	3.858028e+00
2.719999999999986e+00	3.903208e+00
2.729999999999986e+00	3.949114e+00
2.739999999999986e+00	3.995765e+00
2.749999999999985e+00	4.043178e+00
2.759999999999985e+00	4.091372e+00
2.769999999999985e+00	4.140366e+00
2.779999999999985e+00	4.190181e+00
2.789999999999984e+00	4.240857e+00
2.799999999999984e+00	4.292356e+00
2.809999999999984e+00	4.344757e+00
2.819999999999984e+00	4.398059e+00
2.829999999999984e+00	4.452296e+00
2.839999999999983e+00	4.507478e+00
2.849999999999983e+00	4.563583e+00
2.859999999999983e+00	4.620545e+00
2.869999999999983e+00	4.678073e+00
2.879999999999983e+00	4.735265e+00
2.889999999999982e+00	4.789760e+00
2.899999999999982e+00	4.837007e+00
2.909999999999982e+00	4.871791e+00
2.919999999999982e+00	4.894036e+00
2.929999999999982e+00	4.908825e+00
2.939999999999981e+00	4.920034e+00
2.949999999999981e+00	4.929458e+00
2.959999999999981e+00	4.937878e+00
2.969999999999981e+00	4.945654e+00
2.979999999999980e+00	4.952958e+00
2.989999999999980e+00	4.959870e+00
2.999999999999980e+00	4.966418e+00
3.009999999999980e+00	4.972600e+00
3.019999999999980e+00	4.978390e+00
3.029999999999979e+00	4.983745e+00
3.039999999999979e+00	4.988612e+00
3.049999999999979e+00	4.992933e+00
3.059999999999979e+00	4.996661e+00
3.069999999999979e+00	4.999768e+00
3.079999999999978e+00	5.002262e+00
3.089999999999978e+00	5.004191e+00
3.099999999999978e+00	5.005633e+00
3.109999999999978e+00	5.006685e+00
3.119999999999977e+00	5.007439e+00
3.129999999999977e+00	5.007976e+00
3.139999999999977e+00	5.008359e+00
3.149999999999977e+00	5.008636e+00
3.159999999999977e+00	5.008841e+00
3.169999999999976e+00	5.008996e+00
3.179999999999976e+00	5.009118e+00
3.189999999999976e+00	5.009216e+00
3.199999999999976e+00	5.009299e+00
3.209999999999976e+00	5.009371e+00
3.219999999999975e+00	5.009435e+00
3.229999999999975e+00	5.009494e+00
3.239999999999975e+00	5.009549e+00
3.249999999999975e+00	5.009565e+00
3.259999999999974e+00	5.009651e+00
3.269999999999974e+00	5.009699e+00
3.279999999999974e+00	5.009743e+00
3.289999999999974e+00	5.009792e+00
3.299999999999974e+00	5.009837e+00
3.309999999999973e+00	5.009881e+00
3.319999999999973e+00	5.009925e+00
3.329999999999973e+00	5.009969e+00
3.339999999999973e+00	5.010012e+00
3.349999999999973e+00	5.010055e+00
3.359999999999972e+00	5.010097e+00
3.369999999999972e+00	5.010138e+00
3.379999999999972e+00	5.010049e+00
3.389999999999972e+00	5.010190e+00
3.399999999999971e+00	5.010220e+00
3.409999999999971e+00	5.010264e+00
3.419999999999971e+00	5.010330e+00
3.429999999999971e+00	5.010382e+00
3.439999999999971e+00	5.010421e+00
3.449999999999970e+00	5.010460e+00
3.459999999999970e+00	5.010499e+00
3.469999999999970e+00	5.010538e+00
3.479999999999970e+00	5.010576e+00
3.489999999999970e+00	5.010614e+00
3.499999999999969e+00	5.010652e+00
3.509999999999969e+00	5.010689e+00
3.519999999999969e+00	5.010727e+00
3.529999999999969e+00	5.010764e+00
3.539999999999969e+00	5.010782e+00
3.549999999999968e+00	5.010831e+00
3.559999999999968e+00	5.010878e+00
3.569999999999968e+00	5.010778e+00
3.579999999999968e+00	5.010944e+00
3.589999999999967e+00	5.010980e+00
3.599999999999967e+00	5.011015e+00
3.609999999999967e+00	5.011050e+00
3.619999999999967e+00	5.011085e+00
3.629999999999967e+00	5.011119e+00
3.639999999999966e+00	5.011154e+00
3.649999999999966e+00	5.011188e+00
3.659999999999966e+00	5.011221e+00
3.669999999999966e+00	5.011255e+00
3.679999999999966e+00	5.011289e+00
3.689999999999965e+00	5.011322e+00
3.699999999999965e+00	5.011352e+00
3.709999999999965e+00	5.011387e+00
3.719999999999965e+00	5.011420e+00
3.729999999999964e+00	5.011452e+00
3.739999999999964e+00	5.011476e+00
3.749999999999964e+00	5.011516e+00
3.759999999999964e+00	5.011548e+00
3.769999999999964e+00	5.011570e+00
3.779999999999963e+00	5.011610e+00
3.789999999999963e+00	5.011630e+00
3.799999999999963e+00	5.011664e+00
3.809999999999963e+00	5.011665e+00
3.819999999999963e+00	5.011732e+00
3.829999999999962e+00	5.011763e+00
3.839999999999962e+00	5.011797e+00
3.849999999999962e+00	5.011823e+00
3.859999999999962e+00	5.011853e+00
3.869999999999961e+00	5.011882e+00
3.879999999999961e+00	5.011911e+00
3.889999999999961e+00	5.011940e+00
3.899999999999961e+00	5.012133e+00
3.909999999999961e+00	5.011998e+00
3.919999999999960e+00	5.011998e+00
3.929999999999960e+00	5.012056e+00
3.939999999999960e+00	5.012083e+00
3.949999999999960e+00	5.012140e+00
3.959999999999960e+00	5.012139e+00
3.969999999999959e+00	5.012167e+00
3.979999999999959e+00	5.012382e+00
3.989999999999959e+00	5.012222e+00
3.999999999999959e+00	5.012255e+00
4.009999999999959e+00	5.012276e+00
4.019999999999959e+00	5.012303e+00
4.029999999999959e+00	5.012433e+00
4.039999999999958e+00	5.012360e+00
4.049999999999958e+00	5.012383e+00
4.059999999999958e+00	5.012409e+00
4.069999999999958e+00	5.012434e+00
4.079999999999957e+00	5.012452e+00
4.089999999999957e+00	5.012486e+00
4.099999999999957e+00	5.012512e+00
4.109999999999957e+00	5.012537e+00
4.119999999999957e+00	5.012563e+00
4.129999999999956e+00	5.012588e+00
4.139999999999956e+00	5.012613e+00
4.149999999999956e+00	5.012638e+00
4.159999999999956e+00	5.012662e+00
4.169999999999956e+00	5.012687e+00
4.179999999999955e+00	5.012712e+00
4.189999999999955e+00	5.012736e+00
4.199999999999955e+00	5.012760e+00
4.209999999999955e+00	5.012784e+00
4.219999999999954e+00	5.012808e+00
4.229999999999954e+00	5.012817e+00
4.239999999999954e+00	5.012840e+00
4.249999999999954e+00	5.012864e+00
4.259999999999954e+00	5.012887e+00
4.269999999999953e+00	5.012910e+00
4.279999999999953e+00	5.012933e+00
4.289999999999953e+00	5.012956e+00
4.299999999999953e+00	5.012979e+00
4.309999999999953e+00	5.013000e+00
4.319999999999952e+00	5.013022e+00
4.329999999999952e+00	5.013044e+00
4.339999999999952e+00	5.013065e+00
4.349999999999952e+00	5.013087e+00
4.359999999999951e+00	5.013109e+00
4.369999999999951e+00	5.013130e+00
4.379999999999951e+00	5.013155e+00
4.389999999999951e+00	5.013180e+00
4.399999999999951e+00	5.013204e+00
4.409999999999950e+00	5.013228e+00
4.419999999999950e+00	5.013258e+00
4.429999999999950e+00	5.013279e+00
4.439999999999950e+00	5.013299e+00
4.449999999999950e+00	5.013325e+00
4.459999999999949e+00	5.013343e+00
4.469999999999949e+00	5.013363e+00
4.479999999999949e+00	5.013384e+00
4.489999999999949e+00	5.013405e+00
4.499999999999948e+00	5.013425e+00
4.509999999999948e+00	5.013446e+00
4.519999999999948e+00	5.013466e+00
4.529999999999948e+00	5.013486e+00
4.539999999999948e+00	5.013506e+00
4.549999999999947e+00	5.013526e+00
4.559999999999947e+00	5.013546e+00
4.569999999999947e+00	5.013566e+00
4.579999999999947e+00	5.013585e+00
4.589999999999947e+00	5.013605e+00
4.599999999999946e+00	5.013624e+00
4.609999999999946e+00	5.013644e+00
4.619999999999946e+00	5.013663e+00
4.629999999999946e+00	5.013682e+00
4.639999999999946e+00	5.013701e+00
4.649999999999945e+00	5.013720e+00
4.659999999999945e+00	5.013741e+00
4.669999999999945e+00	5.013758e+00
4.679999999999945e+00	5.013776e+00
4.689999999999944e+00	5.013795e+00
4.699999999999944e+00	5.013813e+00
4.709999999999944e+00	5.013832e+00
4.719999999999944e+00	5.013850e+00
4.729999999999944e+00	5.013868e+00
4.739999999999943e+00	5.013883e+00
4.749999999999943e+00	5.013904e+00
4.759999999999943e+00	5.013971e+00
4.769999999999943e+00	5.013940e+00
4.779999999999943e+00	5.013958e+00
4.789999999999942e+00	5.013975e+00
4.799999999999942e+00	5.013993e+00
4.809999999999942e+00	5.014010e+00
4.819999999999942e+00	5.014028e+00
4.829999999999941e+00	5.014045e+00
4.839999999999941e+00	5.014062e+00
4.849999999999941e+00	5.014080e+00
4.859999999999941e+00	5.014097e+00
4.869999999999941e+00	5.014113e+00
4.879999999999940e+00	5.014131e+00
4.889999999999940e+00	5.014147e+00
4.899999999999940e+00	5.014164e+00
4.909999999999940e+00	5.014181e+00
4.919999999999940e+00	5.014197e+00
4.929999999999939e+00	5.014214e+00
4.939999999999939e+00	5.014230e+00
4.949999999999939e+00	5.014246e+00
4.959999999999939e+00	5.014263e+00
4.969999999999938e+00	5.014279e+00
4.979999999999938e+00	5.014295e+00
4.989999999999938e+00	5.014311e+00
4.999999999999938e+00	5.014327e+00
5.009999999999938e+00	5.014343e+00
5.019999999999937e+00	5.014359e+00
5.029999999999937e+00	5.014374e+00
5.039999999999937e+00	5.014390e+00
5.049999999999937e+00	5.014406e+00
5.059999999999937e+00	5.014421e+00
5.069999999999936e+00	5.014437e+00
5.079999999999936e+00	5.014452e+00
5.089999999999936e+00	5.014467e+00
5.099999999999936e+00	5.014482e+00
5.109999999999935e+00	5.014498e+00
5.119999999999935e+00	5.014513e+00
5.129999999999935e+00	5.014528e+00
5.139999999999935e+00	5.014543e+00
5.149999999999935e+00	5.014558e+00
5.159999999999934e+00	5.014573e+00
5.169999999999934e+00	5.014587e+00
5.179999999999934e+00	5.014602e+00
5.189999999999934e+00	5.014617e+00
5.199999999999934e+00	5.014631e+00
5.209999999999933e+00	5.014646e+00
5.219999999999933e+00	5.014660e+00
5.229999999999933e+00	5.014675e+00
5.239999999999933e+00	5.014689e+00
5.249999999999932e+00	5.014703e+00
5.259999999999932e+00	5.014718e+00
5.269999999999932e+00	5.014731e+00
5.279999999999932e+00	5.014746e+00
5.289999999999932e+00	5.014760e+00
5.299999999999931e+00	5.014745e+00
5.309999999999931e+00	5.014787e+00
5.319999999999931e+00	5.014803e+00
5.329999999999931e+00	5.014815e+00
5.339999999999931e+00	5.014829e+00
5.349999999999930e+00	5.014842e+00
5.359999999999930e+00	5.014871e+00
5.369999999999930e+00	5.014869e+00
5.379999999999930e+00	5.014883e+00
5.389999999999930e+00	5.014896e+00
5.399999999999929e+00	5.014909e+00
5.409999999999929e+00	5.014923e+00
5.419999999999929e+00	5.014936e+00
5.429999999999929e+00	5.014949e+00
5.439999999999928e+00	5.014962e+00
5.449999999999928e+00	5.014976e+00
5.459999999999928e+00	5.014988e+00
5.469999999999928e+00	5.015001e+00
5.479999999999928e+00	5.015014e+00
5.489999999999927e+00	5.015027e+00
5.499999999999927e+00	5.015040e+00
5.509999999999927e+00	5.015053e+00
5.519999999999927e+00	5.015065e+00
5.529999999999927e+00	5.015217e+00
5.539999999999926e+00	5.015090e+00
5.549999999999926e+00	5.015103e+00
5.559999999999926e+00	5.015115e+00
5.569999999999926e+00	5.015128e+00
5.579999999999925e+00	5.015140e+00
5.589999999999925e+00	5.015152e+00
5.599999999999925e+00	5.015165e+00
5.609999999999925e+00	5.015177e+00
5.619999999999925e+00	5.015189e+00
5.629999999999924e+00	5.015201e+00
5.639999999999924e+00	5.015213e+00
5.649999999999924e+00	5.015225e+00
5.659999999999924e+00	5.015237e+00
5.669999999999924e+00	5.015249e+00
5.679999999999923e+00	5.015261e+00
5.689999999999923e+00	5.015273e+00
5.699999999999923e+00	5.015285e+00
5.709999999999923e+00	5.015296e+00
5.719999999999922e+00	5.015308e+00
5.729999999999922e+00	5.015320e+00
5.739999999999922e+00	5.015331e+00
5.749999999999922e+00	5.015343e+00
5.759999999999922e+00	5.015355e+00
5.769999999999921e+00	5.015366e+00
5.779999999999921e+00	5.015377e+00
5.789999999999921e+00	5.015388e+00
5.799999999999921e+00	5.015400e+00
5.809999999999921e+00	5.015417e+00
5.819999999999920e+00	5.015422e+00
5.829999999999920e+00	5.015435e+00
5.839999999999920e+00	5.015445e+00
5.849999999999920e+00	5.015456e+00
5.859999999999919e+00	5.015467e+00
5.869999999999919e+00	5.015481e+00
5.879999999999919e+00	5.015489e+00
5.889999999999919e+00	5.015521e+00
5.899999999999919e+00	5.015539e+00
5.909999999999918e+00	5.015522e+00
5.919999999999918e+00	5.015532e+00
5.929999999999918e+00	5.015543e+00
5.939999999999918e+00	5.015554e+00
5.949999999999918e+00	5.015564e+00
5.959999999999917e+00	5.015575e+00
5.969999999999917e+00	5.015586e+00
5.979999999999917e+00	5.015596e+00
5.989999999999917e+00	5.015607e+00
5.999999999999917e+00	5.015617e+00
6.009999999999916e+00	5.015628e+00
6.019999999999916e+00	5.015638e+00
6.029999999999916e+00	5.015648e+00
6.039999999999916e+00	5.015659e+00
6.049999999999915e+00	5.015669e+00
6.059999999999915e+00	5.015679e+00
6.069999999999915e+00	5.015689e+00
6.079999999999915e+00	5.015699e+00
6.089999999999915e+00	5.015710e+00
6.099999999999914e+00	5.015720e+00
6.109999999999914e+00	5.015730e+00
6.119999999999914e+00	5.015740e+00
6.129999999999914e+00	5.015750e+00
6.139999999999914e+00	5.015759e+00
6.149999999999913e+00	5.015769e+00
6.159999999999913e+00	5.015779e+00
6.169999999999913e+00	5.015790e+00
6.179999999999913e+00	5.015799e+00
6.189999999999912e+00	5.015809e+00
6.199999999999912e+00	5.015819e+00
6.209999999999912e+00	5.015828e+00
6.219999999999912e+00	5.015838e+00
6.229999999999912e+00	5.015848e+00
6.239999999999911e+00	5.015857e+00
6.249999999999911e+00	5.015867e+00
6.259999999999911e+00	5.015876e+00
6.269999999999911e+00	5.015885e+00
6.279999999999911e+00	5.015895e+00
6.289999999999910e+00	5.015904e+00
6.299999999999910e+00	5.015914e+00
6.309999999999910e+00	5.015926e+00
6.319999999999910e+00	5.015933e+00
6.329999999999909e+00	5.015972e+00
6.339999999999909e+00	5.015951e+00
6.349999999999909e+00	5.015960e+00
6.359999999999909e+00	5.015969e+00
6.369999999999909e+00	5.015978e+00
6.379999999999908e+00	5.015987e+00
6.389999999999908e+00	5.015996e+00
6.399999999999908e+00	5.016006e+00
6.409999999999908e+00	5.016021e+00
6.419999999999908e+00	5.016024e+00
6.429999999999907e+00	5.016033e+00
6.439999999999907e+00	5.016041e+00
6.449999999999907e+00	5.016050e+00
6.459999999999907e+00	5.016059e+00
6.469999999999906e+00	5.016068e+00
6.479999999999906e+00	5.016077e+00
6.489999999999906e+00	5.016086e+00
6.499999999999906e+00	5.016094e+00
6.509999999999906e+00	5.016103e+00
6.519999999999905e+00	5.016111e+00
6.529999999999905e+00	5.016121e+00
6.539999999999905e+00	5.016129e+00
6.549999999999905e+00	5.016140e+00
6.559999999999905e+00	5.016147e+00
6.569999999999904e+00	5.016155e+00
6.579999999999904e+00	5.016175e+00
6.589999999999904e+00	5.016171e+00
6.599999999999904e+00	5.016180e+00
6.609999999999904e+00	5.016188e+00
6.619999999999903e+00	5.016197e+00
6.629999999999903e+00	5.016205e+00
6.639999999999903e+00	5.016213e+00
6.649999999999903e+00	5.016222e+00
6.659999999999902e+00	5.016230e+00
6.669999999999902e+00	5.016412e+00
6.679999999999902e+00	5.016235e+00
6.689999999999902e+00	5.016254e+00
6.699999999999902e+00	5.016263e+00
6.709999999999901e+00	5.016271e+00
6.719999999999901e+00	5.016280e+00
6.729999999999901e+00	5.016287e+00
6.739999999999901e+00	5.016295e+00
6.749999999999901e+00	5.016483e+00
6.759999999999900e+00	5.016431e+00
6.769999999999900e+00	5.016319e+00
6.779999999999900e+00	5.016327e+00
6.789999999999900e+00	5.016336e+00
6.799999999999899e+00	5.016354e+00
6.809999999999899e+00	5.016351e+00
6.819999999999899e+00	5.016358e+00
6.829999999999899e+00	5.016366e+00
6.839999999999899e+00	5.016374e+00
6.849999999999898e+00	5.016382e+00
6.859999999999898e+00	5.016389e+00
6.869999999999898e+00	5.016397e+00
6.879999999999898e+00	5.016405e+00
6.889999999999898e+00	5.016412e+00
6.899999999999897e+00	5.016440e+00
6.909999999999897e+00	5.016487e+00
6.919999999999897e+00	5.016520e+00
6.929999999999897e+00	5.016589e+00
6.939999999999896e+00	5.016452e+00
6.949999999999896e+00	5.016458e+00
6.959999999999896e+00	5.016497e+00
6.969999999999896e+00	5.016635e+00
6.979999999999896e+00	5.016679e+00
6.989999999999895e+00	5.016510e+00
6.999999999999895e+00	5.016496e+00
7.009999999999895e+00	5.016502e+00
7.019999999999895e+00	5.016510e+00
7.029999999999895e+00	5.016517e+00
7.039999999999894e+00	5.016524e+00
7.049999999999894e+00	5.016531e+00
7.059999999999894e+00	5.016539e+00
7.069999999999894e+00	5.016546e+00
7.079999999999893e+00	5.016553e+00
7.089999999999893e+00	5.016561e+00
7.099999999999893e+00	5.016569e+00
7.109999999999893e+00	5.016576e+00
7.119999999999893e+00	5.016582e+00
7.129999999999892e+00	5.016590e+00
7.139999999999892e+00	5.016597e+00
7.149999999999892e+00	5.016604e+00
7.159999999999892e+00	5.016819e+00
7.169999999999892e+00	5.016808e+00
7.179999999999891e+00	5.016801e+00
7.189999999999891e+00	5.016796e+00
7.199999999999891e+00	5.016792e+00
7.209999999999891e+00	5.016788e+00
7.219999999999891e+00	5.016784e+00
7.229999999999890e+00	5.016778e+00
7.239999999999890e+00	5.016771e+00
7.249999999999890e+00	5.016766e+00
7.259999999999890e+00	5.016758e+00
7.269999999999889e+00	5.016752e+00
7.279999999999889e+00	5.016747e+00
7.289999999999889e+00	5.016743e+00
7.299999999999889e+00	5.016748e+00
7.309999999999889e+00	5.016879e+00
7.319999999999888e+00	5.016883e+00
7.329999999999888e+00	5.016884e+00
7.339999999999888e+00	5.016887e+00
7.349999999999888e+00	5.016893e+00
7.359999999999888e+00	5.016871e+00
7.369999999999887e+00	5.016872e+00
7.379999999999887e+00	5.016872e+00
7.389999999999887e+00	5.016872e+00
7.399999999999887e+00	5.016872e+00
7.409999999999886e+00	5.016875e+00
7.419999999999886e+00	5.016879e+00
7.429999999999886e+00	5.016883e+00
7.439999999999886e+00	5.016885e+00
7.449999999999886e+00	5.016884e+00
7.459999999999885e+00	5.016881e+00
7.469999999999885e+00	5.016875e+00
7.479999999999885e+00	5.016872e+00
7.489999999999885e+00	5.016872e+00
7.499999999999885e+00	5.016874e+00
7.509999999999884e+00	5.016876e+00
7.519999999999884e+00	5.016879e+00
7.529999999999884e+00	5.016882e+00
7.539999999999884e+00	5.016885e+00
7.549999999999883e+00	5.016889e+00
7.559999999999883e+00	5.016892e+00
7.569999999999883e+00	5.016896e+00
7.579999999999883e+00	5.016900e+00
7.589999999999883e+00	5.016904e+00
7.599999999999882e+00	5.016909e+00
7.609999999999882e+00	5.016913e+00
7.619999999999882e+00	5.016918e+00
7.629999999999882e+00	5.016924e+00
7.639999999999882e+00	5.016929e+00
7.649999999999881e+00	5.016934e+00
7.659999999999881e+00	5.016939e+00
7.669999999999881e+00	5.016944e+00
7.679999999999881e+00	5.016950e+00
7.689999999999880e+00	5.016955e+00
7.699999999999880e+00	5.016961e+00
7.709999999999880e+00	5.016966e+00
7.719999999999880e+00	5.016972e+00
7.729999999999880e+00	5.017193e+00
7.739999999999879e+00	5.017158e+00
7.749999999999879e+00	5.017127e+00
7.759999999999879e+00	5.017101e+00
7.769999999999879e+00	5.017080e+00
7.779999999999879e+00	5.017063e+00
7.789999999999878e+00	5.017051e+00
7.799999999999878e+00	5.017044e+00
7.809999999999878e+00	5.017040e+00
7.819999999999878e+00	5.017038e+00
7.829999999999878e+00	5.017040e+00
7.839999999999877e+00	5.017044e+00
7.849999999999877e+00	5.017047e+00
7.859999999999877e+00	5.017053e+00
7.869999999999877e+00	5.017098e+00
7.879999999999876e+00	5.017117e+00
7.889999999999876e+00	5.017122e+00
7.899999999999876e+00	5.017107e+00
7.909999999999876e+00	5.017104e+00
7.919999999999876e+00	5.017113e+00
7.929999999999875e+00	5.017117e+00
7.939999999999875e+00	5.017106e+00
7.949999999999875e+00	5.017103e+00
7.959999999999875e+00	5.017110e+00
7.969999999999875e+00	5.017172e+00
7.979999999999874e+00	5.017162e+00
7.989999999999874e+00	5.017149e+00
7.999999999999874e+00	5.017140e+00
8.009999999999874e+00	5.017137e+00
8.019999999999873e+00	5.017142e+00
8.029999999999873e+00	5.017147e+00
8.039999999999873e+00	5.017152e+00
8.049999999999873e+00	5.017158e+00
8.059999999999873e+00	5.017163e+00
8.069999999999872e+00	5.017169e+00
8.079999999999872e+00	5.017174e+00
8.089999999999872e+00	5.017179e+00
8.099999999999872e+00	5.017185e+00
8.109999999999872e+00	5.017190e+00
8.119999999999871e+00	5.017209e+00
8.129999999999871e+00	5.017200e+00
8.139999999999871e+00	5.017206e+00
8.149999999999871e+00	5.017211e+00
8.159999999999870e+00	5.017255e+00
8.169999999999870e+00	5.017264e+00
8.179999999999870e+00	5.017274e+00
8.189999999999870e+00	5.017284e+00
8.199999999999870e+00	5.017295e+00
8.209999999999869e+00	5.017306e+00
8.219999999999869e+00	5.017317e+00
8.229999999999869e+00	5.017329e+00
8.239999999999869e+00	5.017341e+00
8.249999999999869e+00	5.017353e+00
8.259999999999868e+00	5.017366e+00
8.269999999999868e+00	5.017379e+00
8.279999999999868e+00	5.017390e+00
8.289999999999868e+00	5.017401e+00
8.299999999999867e+00	5.017412e+00
8.309999999999867e+00	5.017423e+00
8.319999999999867e+00	5.017434e+00
8.329999999999867e+00	5.017446e+00
8.339999999999867e+00	5.017457e+00
8.349999999999866e+00	5.017467e+00
8.359999999999866e+00	5.017479e+00
8.369999999999866e+00	5.017490e+00
8.379999999999866e+00	5.017501e+00
8.389999999999866e+00	5.017511e+00
8.399999999999865e+00	5.017522e+00
8.409999999999865e+00	5.017533e+00
8.419999999999865e+00	5.017544e+00
8.429999999999865e+00	5.017554e+00
8.439999999999864e+00	5.017564e+00
8.449999999999864e+00	5.017575e+00
8.459999999999864e+00	5.017585e+00
8.469999999999864e+00	5.017595e+00
8.479999999999864e+00	5.017604e+00
8.489999999999863e+00	5.017614e+00
8.499999999999863e+00	5.017623e+00
8.509999999999863e+00	5.017633e+00
8.519999999999863e+00	5.017642e+00
8.529999999999863e+00	5.017651e+00
8.539999999999862e+00	5.017406e+00
8.549999999999862e+00	5.017411e+00
8.559999999999862e+00	5.017416e+00
8.569999999999862e+00	5.017421e+00
8.579999999999862e+00	5.017426e+00
8.589999999999861e+00	5.017430e+00
8.599999999999861e+00	5.017435e+00
8.609999999999861e+00	5.017440e+00
8.619999999999861e+00	5.017445e+00
8.629999999999860e+00	5.017449e+00
8.639999999999860e+00	5.017454e+00
8.649999999999860e+00	5.017458e+00
8.659999999999860e+00	5.017463e+00
8.669999999999860e+00	5.017467e+00
8.679999999999859e+00	5.017472e+00
8.689999999999859e+00	5.017477e+00
8.699999999999859e+00	5.017481e+00
8.709999999999859e+00	5.017486e+00
8.719999999999859e+00	5.017490e+00
8.729999999999858e+00	5.017495e+00
8.739999999999858e+00	5.017499e+00
8.749999999999858e+00	5.017504e+00
8.759999999999858e+00	5.017509e+00
8.769999999999857e+00	5.017513e+00
8.779999999999857e+00	5.017518e+00
8.789999999999857e+00	5.017522e+00
8.799999999999857e+00	5.017527e+00
8.809999999999857e+00	5.017531e+00
8.819999999999856e+00	5.017536e+00
8.829999999999856e+00	5.017540e+00
8.839999999999856e+00	5.017545e+00
8.849999999999856e+00	5.017549e+00
8.859999999999856e+00	5.017553e+00
8.869999999999855e+00	5.017558e+00
8.879999999999855e+00	5.017562e+00
8.889999999999855e+00	5.017567e+00
8.899999999999855e+00	5.017571e+00
8.909999999999854e+00	5.017576e+00
8.919999999999854e+00	5.017580e+00
8.929999999999854e+00	5.017584e+00
8.939999999999854e+00	5.017589e+00
8.949999999999854e+00	5.017593e+00
8.959999999999853e+00	5.017598e+00
8.969999999999853e+00	5.017602e+00
8.979999999999853e+00	5.017606e+00
8.989999999999853e+00	5.017611e+00
8.999999999999853e+00	5.017615e+00
9.009999999999852e+00	5.017619e+00
9.019999999999852e+00	5.017623e+00
9.029999999999852e+00	5.017628e+00
9.039999999999852e+00	5.017632e+00
9.049999999999851e+00	5.017636e+00
9.059999999999851e+00	5.017641e+00
9.069999999999851e+00	5.017645e+00
9.079999999999851e+00	5.017649e+00
9.089999999999851e+00	5.017653e+00
9.099999999999850e+00	5.017657e+00
9.109999999999850e+00	5.017662e+00
9.119999999999850e+00	5.017666e+00
9.129999999999850e+00	5.017670e+00
9.139999999999850e+00	5.017674e+00
9.149999999999849e+00	5.017678e+00
9.159999999999849e+00	5.017682e+00
9.169999999999849e+00	5.017686e+00
9.179999999999849e+00	5.017690e+00
9.189999999999849e+00	5.017694e+00
9.199999999999848e+00	5.017699e+00
9.209999999999848e+00	5.017703e+00
9.219999999999848e+00	5.017707e+00
9.229999999999848e+00	5.017711e+00
9.239999999999847e+00	5.017715e+00
9.249999999999847e+00	5.017719e+00
9.259999999999847e+00	5.017723e+00
9.269999999999847e+00	5.017727e+00
9.279999999999847e+00	5.017731e+00
9.289999999999846e+00	5.017735e+00
9.299999999999846e+00	5.017739e+00
9.309999999999846e+00	5.017743e+00
9.319999999999846e+00	5.017746e+00
9.329999999999846e+00	5.017750e+00
9.339999999999845e+00	5.017755e+00
9.349999999999845e+00	5.017758e+00
9.359999999999845e+00	5.017762e+00
9.369999999999845e+00	5.017766e+00
9.379999999999844e+00	5.017770e+00
9.389999999999844e+00	5.017774e+00
9.399999999999844e+00	5.017777e+00
9.409999999999844e+00	5.017781e+00
9.419999999999844e+00	5.017785e+00
9.429999999999843e+00	5.017789e+00
9.439999999999843e+00	5.017793e+00
9.449999999999843e+00	5.017797e+00
9.459999999999843e+00	5.017800e+00
9.469999999999843e+00	5.017804e+00
9.479999999999842e+00	5.017807e+00
9.489999999999842e+00	5.017811e+00
9.499999999999842e+00	5.017815e+00
9.509999999999842e+00	5.017819e+00
9.519999999999841e+00	5.017823e+00
9.529999999999841e+00	5.017826e+00
9.539999999999841e+00	5.017830e+00
9.549999999999841e+00	5.017834e+00
9.559999999999841e+00	5.017838e+00
9.569999999999840e+00	5.017841e+00
9.579999999999840e+00	5.017845e+00
9.589999999999840e+00	5.017848e+00
9.599999999999840e+00	5.017852e+00
9.609999999999840e+00	5.017856e+00
9.619999999999839e+00	5.017859e+00
9.629999999999839e+00	5.017863e+00
9.639999999999839e+00	5.017867e+00
9.649999999999839e+00	5.017870e+00
9.659999999999838e+00	5.017874e+00
9.669999999999838e+00	5.017878e+00
9.679999999999838e+00	5.017881e+00
9.689999999999838e+00	5.017885e+00
9.699999999999838e+00	5.017888e+00
9.709999999999837e+00	5.017892e+00
9.719999999999837e+00	5.017895e+00
9.729999999999837e+00	5.017899e+00
9.739999999999837e+00	5.017902e+00
9.749999999999837e+00	5.017906e+00
9.759999999999836e+00	5.017910e+00
9.769999999999836e+00	5.017913e+00
9.779999999999836e+00	5.017916e+00
9.789999999999836e+00	5.017920e+00
9.799999999999836e+00	5.017923e+00
9.809999999999835e+00	5.017927e+00
9.819999999999835e+00	5.017931e+00
9.829999999999835e+00	5.017934e+00
9.839999999999835e+00	5.017937e+00
9.849999999999834e+00	5.017941e+00
9.859999999999834e+00	5.017944e+00
9.869999999999834e+00	5.017948e+00
9.879999999999834e+00	5.017951e+00
9.889999999999834e+00	5.017954e+00
9.899999999999833e+00	5.017958e+00
9.909999999999833e+00	5.017962e+00
9.919999999999833e+00	5.017965e+00
9.929999999999833e+00	5.017968e+00
9.939999999999833e+00	5.017972e+00
9.949999999999832e+00	5.017975e+00
9.959999999999832e+00	5.017978e+00
9.969999999999832e+00	5.017982e+00
9.979999999999832e+00	5.017985e+00
9.989999999999831e+00	5.017988e+00
9.999999999999831e+00	5.017992e+00
1.000999999999983e+01	5.017995e+00
1.001999999999983e+01	5.017998e+00
1.002999999999983e+01	5.018002e+00
1.003999999999983e+01	5.018005e+00
1.004999999999983e+01	5.018008e+00
1.005999999999983e+01	5.018012e+00
1.006999999999983e+01	5.018015e+00
1.007999999999983e+01	5.018018e+00
1.008999999999983e+01	5.018021e+00
1.009999999999983e+01	5.018024e+00
1.010999999999983e+01	5.018027e+00
1.011999999999983e+01	5.018221e+00
1.012999999999983e+01	5.018122e+00
1.013999999999983e+01	5.018063e+00
1.014999999999983e+01	5.018044e+00
1.015999999999983e+01	5.018043e+00
1.016999999999983e+01	5.018045e+00
1.017999999999983e+01	5.018049e+00
1.018999999999983e+01	5.018052e+00
1.019999999999983e+01	5.018055e+00
1.020999999999983e+01	5.018059e+00
1.021999999999983e+01	5.018062e+00
1.022999999999983e+01	5.018065e+00
1.023999999999983e+01	5.018068e+00
1.024999999999983e+01	5.018071e+00
1.025999999999983e+01	5.018075e+00
1.026999999999983e+01	5.018078e+00
1.027999999999983e+01	5.018081e+00
1.028999999999983e+01	5.018084e+00
1.029999999999982e+01	5.018087e+00
1.030999999999982e+01	5.018090e+00
1.031999999999982e+01	5.018094e+00
1.032999999999982e+01	5.018097e+00
1.033999999999982e+01	5.018106e+00
1.034999999999982e+01	5.018103e+00
1.035999999999982e+01	5.018106e+00
1.036999999999982e+01	5.018109e+00
1.037999999999982e+01	5.018112e+00
1.038999999999982e+01	5.018116e+00
1.039999999999982e+01	5.018118e+00
1.040999999999982e+01	5.018122e+00
1.041999999999982e+01	5.018125e+00
1.042999999999982e+01	5.018128e+00
1.043999999999982e+01	5.018131e+00
1.044999999999982e+01	5.018134e+00
1.045999999999982e+01	5.018137e+00
1.046999999999982e+01	5.018140e+00
1.047999999999982e+01	5.018143e+00
1.048999999999982e+01	5.018146e+00
1.049999999999982e+01	5.018149e+00
1.050999999999982e+01	5.018152e+00
1.051999999999982e+01	5.018155e+00
1.052999999999982e+01	5.018158e+00
1.053999999999982e+01	5.018161e+00
1.054999999999982e+01	5.018164e+00
1.055999999999982e+01	5.018167e+00
1.056999999999982e+01	5.018170e+00
1.057999999999982e+01	5.018173e+00
1.058999999999982e+01	5.018176e+00
1.059999999999982e+01	5.018179e+00
1.060999999999982e+01	5.018182e+00
1.061999999999982e+01	5.018185e+00
1.062999999999982e+01	5.018188e+00
1.063999999999982e+01	5.018191e+00
1.064999999999982e+01	5.018194e+00
1.065999999999982e+01	5.018197e+00
1.066999999999982e+01	5.018200e+00
1.067999999999982e+01	5.018203e+00
1.068999999999982e+01	5.018206e+00
1.069999999999982e+01	5.018208e+00
1.070999999999982e+01	5.018211e+00
1.071999999999982e+01	5.018214e+00
1.072999999999982e+01	5.018217e+00
1.073999999999982e+01	5.018220e+00
1.074999999999982e+01	5.018223e+00
1.075999999999982e+01	5.018226e+00
1.076999999999981e+01	5.018229e+00
1.077999999999981e+01	5.018231e+00
1.078999999999981e+01	5.018236e+00
1.079999999999981e+01	5.018237e+00
1.080999999999981e+01	5.018240e+00
1.081999999999981e+01	5.018243e+00
1.082999999999981e+01	5.018246e+00
1.083999999999981e+01	5.018249e+00
1.084999999999981e+01	5.018251e+00
1.085999999999981e+01	5.018254e+00
1.086999999999981e+01	5.018257e+00
1.087999999999981e+01	5.018260e+00
1.088999999999981e+01	5.018263e+00
1.089999999999981e+01	5.018265e+00
1.090999999999981e+01	5.018268e+00
1.091999999999981e+01	5.018271e+00
1.092999999999981e+01	5.018274e+00
1.093999999999981e+01	5.018277e+00
1.094999999999981e+01	5.018280e+00
1.095999999999981e+01	5.018282e+00
1.096999999999981e+01	5.018285e+00
1.097999999999981e+01	5.018288e+00
1.098999999999981e+01	5.018291e+00
1.099999999999981e+01	5.018293e+00
1.100999999999981e+01	5.018296e+00
1.101999999999981e+01	5.018299e+00
1.102999999999981e+01	5.018301e+00
1.103999999999981e+01	5.018304e+00
1.104999999999981e+01	5.018307e+00
1.105999999999981e+01	5.018310e+00
1.106999999999981e+01	5.018312e+00
1.107999999999981e+01	5.018315e+00
1.108999999999981e+01	5.018318e+00
1.109999999999981e+01	5.018320e+00
1.110999999999981e+01	5.018323e+00
1.111999999999981e+01	5.018326e+00
1.112999999999981e+01	5.018382e+00
1.113999999999981e+01	5.018331e+00
1.114999999999981e+01	5.018333e+00
1.115999999999981e+01	5.018336e+00
1.116999999999981e+01	5.018339e+00
1.117999999999981e+01	5.018342e+00
1.118999999999981e+01	5.018344e+00
1.119999999999981e+01	5.018347e+00
1.120999999999981e+01	5.018351e+00
1.121999999999981e+01	5.018300e+00
1.122999999999981e+01	5.018355e+00
1.123999999999980e+01	5.018357e+00
1.124999999999980e+01	5.018360e+00
1.125999999999980e+01	5.018363e+00
1.126999999999980e+01	5.018360e+00
1.127999999999980e+01	5.018368e+00
1.128999999999980e+01	5.018371e+00
1.129999999999980e+01	5.018373e+00
1.130999999999980e+01	5.018375e+00
1.131999999999980e+01	5.018378e+00
1.132999999999980e+01	5.018381e+00
1.133999999999980e+01	5.018384e+00
1.134999999999980e+01	5.018386e+00
1.135999999999980e+01	5.018388e+00
1.136999999999980e+01	5.018391e+00
1.137999999999980e+01	5.018394e+00
1.138999999999980e+01	5.018396e+00
1.139999999999980e+01	5.018399e+00
1.140999999999980e+01	5.018401e+00
1.141999999999980e+01	5.018404e+00
1.142999999999980e+01	5.018406e+00
1.143999999999980e+01	5.018411e+00
1.144999999999980e+01	5.018411e+00
1.145999999999980e+01	5.018414e+00
1.146999999999980e+01	5.018416e+00
1.147999999999980e+01	5.018419e+00
1.148999999999980e+01	5.018421e+00
1.149999999999980e+01	5.018424e+00
1.150999999999980e+01	5.018426e+00
1.151999999999980e+01	5.018429e+00
1.152999999999980e+01	5.018431e+00
1.153999999999980e+01	5.018434e+00
1.154999999999980e+01	5.018436e+00
1.155999999999980e+01	5.018439e+00
1.156999999999980e+01	5.018441e+00
1.157999999999980e+01	5.018444e+00
1.158999999999980e+01	5.018446e+00
1.159999999999980e+01	5.018448e+00
1.160999999999980e+01	5.018451e+00
1.161999999999980e+01	5.018454e+00
1.162999999999980e+01	5.018456e+00
1.163999999999980e+01	5.018458e+00
1.164999999999980e+01	5.018467e+00
1.165999999999980e+01	5.018463e+00
1.166999999999980e+01	5.018466e+00
1.167999999999980e+01	5.018467e+00
1.168999999999980e+01	5.018470e+00
1.169999999999980e+01	5.018473e+00
1.170999999999979e+01	5.018475e+00
1.171999999999979e+01	5.018477e+00
1.172999999999979e+01	5.018480e+00
1.173999999999979e+01	5.018482e+00
1.174999999999979e+01	5.018485e+00
1.175999999999979e+01	5.018487e+00
1.176999999999979e+01	5.018489e+00
1.177999999999979e+01	5.018492e+00
1.178999999999979e+01	5.018494e+00
1.179999999999979e+01	5.018497e+00
1.180999999999979e+01	5.018499e+00
1.181999999999979e+01	5.018501e+00
1.182999999999979e+01	5.018504e+00
1.183999999999979e+01	5.018480e+00
1.184999999999979e+01	5.018508e+00
1.185999999999979e+01	5.018511e+00
1.186999999999979e+01	5.018545e+00
1.187999999999979e+01	5.018535e+00
1.188999999999979e+01	5.018488e+00
1.189999999999979e+01	5.018520e+00
1.190999999999979e+01	5.018522e+00
1.191999999999979e+01	5.018528e+00
1.192999999999979e+01	5.018527e+00
1.193999999999979e+01	5.018529e+00
1.194999999999979e+01	5.018531e+00
1.195999999999979e+01	5.018534e+00
1.196999999999979e+01	5.018536e+00
1.197999999999979e+01	5.018538e+00
1.198999999999979e+01	5.018540e+00
1.199999999999979e+01	5.018543e+00
1.200999999999979e+01	5.018545e+00
1.201999999999979e+01	5.018548e+00
1.202999999999979e+01	5.018722e+00
1.203999999999979e+01	5.018552e+00
1.204999999999979e+01	5.018554e+00
1.205999999999979e+01	5.018557e+00
1.206999999999979e+01	5.018559e+00
1.207999999999979e+01	5.018561e+00
1.208999999999979e+01	5.018563e+00
1.209999999999979e+01	5.018566e+00
1.210999999999979e+01	5.018568e+00
1.211999999999979e+01	5.018570e+00
1.212999999999979e+01	5.018572e+00
1.213999999999979e+01	5.018574e+00
1.214999999999979e+01	5.018577e+00
1.215999999999979e+01	5.018579e+00
1.216999999999978e+01	5.018581e+00
1.217999999999978e+01	5.018583e+00
1.218999999999978e+01	5.018585e+00
1.219999999999978e+01	5.018588e+00
1.220999999999978e+01	5.018590e+00
1.221999999999978e+01	5.018592e+00
1.222999999999978e+01	5.018594e+00
1.223999999999978e+01	5.018596e+00
1.224999999999978e+01	5.018599e+00
1.225999999999978e+01	5.018601e+00
1.226999999999978e+01	5.018603e+00
1.227999999999978e+01	5.018605e+00
1.228999999999978e+01	5.018607e+00
1.229999999999978e+01	5.018610e+00
1.230999999999978e+01	5.018611e+00
1.231999999999978e+01	5.018614e+00
1.232999999999978e+01	5.018616e+00
1.233999999999978e+01	5.018618e+00
1.234999999999978e+01	5.018620e+00
1.235999999999978e+01	5.018622e+00
1.236999999999978e+01	5.018624e+00
1.237999999999978e+01	5.018578e+00
1.238999999999978e+01	5.018629e+00
1.239999999999978e+01	5.018631e+00
1.240999999999978e+01	5.018633e+00
1.241999999999978e+01	5.018635e+00
1.242999999999978e+01	5.018637e+00
1.243999999999978e+01	5.018639e+00
1.244999999999978e+01	5.018641e+00
1.245999999999978e+01	5.018643e+00
1.246999999999978e+01	5.018646e+00
1.247999999999978e+01	5.018648e+00
1.248999999999978e+01	5.018650e+00
1.249999999999978e+01	5.018652e+00
1.250999999999978e+01	5.018654e+00
1.251999999999978e+01	5.018656e+00
1.252999999999978e+01	5.018658e+00
1.253999999999978e+01	5.018660e+00
1.254999999999978e+01	5.018662e+00
1.255999999999978e+01	5.018664e+00
1.256999999999978e+01	5.018666e+00
1.257999999999978e+01	5.018668e+00
1.258999999999978e+01	5.018671e+00
1.259999999999978e+01	5.018672e+00
1.260999999999978e+01	5.018674e+00
1.261999999999978e+01	5.018677e+00
1.262999999999978e+01	5.018679e+00
1.263999999999977e+01	5.018681e+00
1.264999999999977e+01	5.018683e+00
1.265999999999977e+01	5.018685e+00
1.266999999999977e+01	5.018672e+00
1.267999999999977e+01	5.018689e+00
1.268999999999977e+01	5.018691e+00
1.269999999999977e+01	5.018693e+00
1.270999999999977e+01	5.018695e+00
1.271999999999977e+01	5.018697e+00
1.272999999999977e+01	5.018699e+00
1.273999999999977e+01	5.018701e+00
1.274999999999977e+01	5.018703e+00
1.275999999999977e+01	5.018705e+00
1.276999999999977e+01	5.018707e+00
1.277999999999977e+01	5.018709e+00
1.278999999999977e+01	5.018711e+00
1.279999999999977e+01	5.018713e+00
1.280999999999977e+01	5.018715e+00
1.281999999999977e+01	5.018717e+00
1.282999999999977e+01	5.018719e+00
1.283999999999977e+01	5.018721e+00
1.284999999999977e+01	5.018723e+00
1.285999999999977e+01	5.018725e+00
1.286999999999977e+01	5.018727e+00
1.287999999999977e+01	5.018729e+00
1.288999999999977e+01	5.018731e+00
1.289999999999977e+01	5.018733e+00
1.290999999999977e+01	5.018734e+00
1.291999999999977e+01	5.018736e+00
1.292999999999977e+01	5.018738e+00
1.293999999999977e+01	5.018740e+00
1.294999999999977e+01	5.018742e+00
1.295999999999977e+01	5.018744e+00
1.296999999999977e+01	5.018746e+00
1.297999999999977e+01	5.018748e+00
1.298999999999977e+01	5.018750e+00
1.299999999999977e+01	5.018752e+00
1.300999999999977e+01	5.018754e+00
1.301999999999977e+01	5.018756e+00
1.302999999999977e+01	5.018758e+00
1.303999999999977e+01	5.018713e+00
1.304999999999977e+01	5.018762e+00
1.305999999999977e+01	5.018764e+00
1.306999999999977e+01	5.018765e+00
1.307999999999977e+01	5.018767e+00
1.308999999999977e+01	5.018769e+00
1.309999999999977e+01	5.018771e+00
1.310999999999976e+01	5.018773e+00
1.311999999999976e+01	5.018775e+00
1.312999999999976e+01	5.018776e+00
1.313999999999976e+01	5.018778e+00
1.314999999999976e+01	5.018780e+00
1.315999999999976e+01	5.018782e+00
1.316999999999976e+01	5.018784e+00
1.317999999999976e+01	5.018786e+00
1.318999999999976e+01	5.018788e+00
1.319999999999976e+01	5.018790e+00
1.320999999999976e+01	5.018792e+00
1.321999999999976e+01	5.018794e+00
1.322999999999976e+01	5.018795e+00
1.323999999999976e+01	5.018797e+00
1.324999999999976e+01	5.018799e+00
1.325999999999976e+01	5.018801e+00
1.326999999999976e+01	5.018803e+00
1.327999999999976e+01	5.018805e+00
1.328999999999976e+01	5.018806e+00
1.329999999999976e+01	5.018808e+00
1.330999999999976e+01	5.018822e+00
1.331999999999976e+01	5.018812e+00
1.332999999999976e+01	5.018814e+00
1.333999999999976e+01	5.018816e+00
1.334999999999976e+01	5.018816e+00
1.335999999999976e+01	5.018819e+00
1.336999999999976e+01	5.018821e+00
1.337999999999976e+01	5.018823e+00
1.338999999999976e+01	5.018962e+00
1.339999999999976e+01	5.018778e+00
1.340999999999976e+01	5.018839e+00
1.341999999999976e+01	5.018830e+00
1.342999999999976e+01	5.018832e+00
1.343999999999976e+01	5.018834e+00
1.344999999999976e+01	5.018835e+00
1.345999999999976e+01	5.018837e+00
1.346999999999976e+01	5.018839e+00
1.347999999999976e+01	5.018841e+00
1.348999999999976e+01	5.018842e+00
1.349999999999976e+01	5.018844e+00
1.350999999999976e+01	5.018846e+00
1.351999999999976e+01	5.018847e+00
1.352999999999976e+01	5.018879e+00
1.353999999999976e+01	5.018851e+00
1.354999999999976e+01	5.018857e+00
1.355999999999976e+01	5.018857e+00
1.356999999999976e+01	5.018859e+00
1.357999999999975e+01	5.018865e+00
1.358999999999975e+01	5.018875e+00
1.359999999999975e+01	5.018873e+00
1.360999999999975e+01	5.018868e+00
1.361999999999975e+01	5.018866e+00
1.362999999999975e+01	5.019079e+00
1.363999999999975e+01	5.018893e+00
1.364999999999975e+01	5.018905e+00
1.365999999999975e+01	5.018914e+00
1.366999999999975e+01	5.018924e+00
1.367999999999975e+01	5.018934e+00
1.368999999999975e+01	5.018936e+00
1.369999999999975e+01	5.018879e+00
1.370999999999975e+01	5.018881e+00
1.371999999999975e+01	5.018882e+00
1.372999999999975e+01	5.018884e+00
1.373999999999975e+01	5.018886e+00
1.374999999999975e+01	5.018888e+00
1.375999999999975e+01	5.018889e+00
1.376999999999975e+01	5.018891e+00
1.377999999999975e+01	5.018893e+00
1.378999999999975e+01	5.018894e+00
1.379999999999975e+01	5.018896e+00
1.380999999999975e+01	5.018898e+00
1.381999999999975e+01	5.018899e+00
1.382999999999975e+01	5.018895e+00
1.383999999999975e+01	5.018903e+00
1.384999999999975e+01	5.018905e+00
1.385999999999975e+01	5.018906e+00
1.386999999999975e+01	5.018908e+00
1.387999999999975e+01	5.018909e+00
1.388999999999975e+01	5.018911e+00
1.389999999999975e+01	5.018932e+00
1.390999999999975e+01	5.018915e+00
1.391999999999975e+01	5.018916e+00
1.392999999999975e+01	5.018918e+00
1.393999999999975e+01	5.018919e+00
1.394999999999975e+01	5.018921e+00
1.395999999999975e+01	5.018923e+00
1.396999999999975e+01	5.018925e+00
1.397999999999975e+01	5.018926e+00
1.398999999999975e+01	5.018928e+00
1.399999999999975e+01	5.018929e+00
1.400999999999975e+01	5.018931e+00
1.401999999999975e+01	5.018933e+00
1.402999999999975e+01	5.018934e+00
1.403999999999975e+01	5.018936e+00
1.404999999999974e+01	5.018938e+00
1.405999999999974e+01	5.018961e+00
1.406999999999974e+01	5.018941e+00
1.407999999999974e+01	5.018942e+00
1.408999999999974e+01	5.018944e+00
1.409999999999974e+01	5.018946e+00
1.410999999999974e+01	5.018947e+00
1.411999999999974e+01	5.018949e+00
1.412999999999974e+01	5.018950e+00
1.413999999999974e+01	5.018952e+00
1.414999999999974e+01	5.018954e+00
1.415999999999974e+01	5.018955e+00
1.416999999999974e+01	5.018957e+00
1.417999999999974e+01	5.018959e+00
1.418999999999974e+01	5.018960e+00
1.419999999999974e+01	5.018962e+00
1.420999999999974e+01	5.018963e+00
1.421999999999974e+01	5.018965e+00
1.422999999999974e+01	5.018967e+00
1.423999999999974e+01	5.018982e+00
1.424999999999974e+01	5.018970e+00
1.425999999999974e+01	5.019110e+00
1.426999999999974e+01	5.019111e+00
1.427999999999974e+01	5.019116e+00
1.428999999999974e+01	5.018985e+00
1.429999999999974e+01	5.018978e+00
1.430999999999974e+01	5.018952e+00
1.431999999999974e+01	5.018981e+00
1.432999999999974e+01	5.018982e+00
1.433999999999974e+01	5.018984e+00
1.434999999999974e+01	5.018985e+00
1.435999999999974e+01	5.018987e+00
1.436999999999974e+01	5.018989e+00
1.437999999999974e+01	5.018990e+00
1.438999999999974e+01	5.018991e+00
1.439999999999974e+01	5.018993e+00
1.440999999999974e+01	5.018995e+00
1.441999999999974e+01	5.019000e+00
1.442999999999974e+01	5.018998e+00
1.443999999999974e+01	5.019000e+00
1.444999999999974e+01	5.019001e+00
1.445999999999974e+01	5.019001e+00
1.446999999999974e+01	5.019004e+00
1.447999999999974e+01	5.019005e+00
1.448999999999974e+01	5.019007e+00
1.449999999999974e+01	5.019009e+00
1.450999999999974e+01	5.019010e+00
1.451999999999973e+01	5.019011e+00
1.452999999999973e+01	5.018939e+00
1.453999999999973e+01	5.019134e+00
1.454999999999973e+01	5.019042e+00
1.455999999999973e+01	5.019018e+00
1.456999999999973e+01	5.019019e+00
1.457999999999973e+01	5.019021e+00
1.458999999999973e+01	5.019022e+00
1.459999999999973e+01	5.019024e+00
1.460999999999973e+01	5.019025e+00
1.461999999999973e+01	5.019027e+00
1.462999999999973e+01	5.019028e+00
1.463999999999973e+01	5.019030e+00
1.464999999999973e+01	5.019031e+00
1.465999999999973e+01	5.019138e+00
1.466999999999973e+01	5.019034e+00
1.467999999999973e+01	5.019036e+00
1.468999999999973e+01	5.019046e+00
1.469999999999973e+01	5.019010e+00
1.470999999999973e+01	5.019042e+00
1.471999999999973e+01	5.019042e+00
1.472999999999973e+01	5.019143e+00
1.473999999999973e+01	5.019044e+00
1.474999999999973e+01	5.019104e+00
1.475999999999973e+01	5.019047e+00
1.476999999999973e+01	5.019049e+00
1.477999999999973e+01	5.019051e+00
1.478999999999973e+01	5.019052e+00
1.479999999999973e+01	5.019053e+00
1.480999999999973e+01	5.019055e+00
1.481999999999973e+01	5.019056e+00
1.482999999999973e+01	5.019111e+00
1.483999999999973e+01	5.019059e+00
1.484999999999973e+01	5.019061e+00
1.485999999999973e+01	5.019062e+00
1.486999999999973e+01	5.019063e+00
1.487999999999973e+01	5.019062e+00
1.488999999999973e+01	5.019066e+00
1.489999999999973e+01	5.019013e+00
1.490999999999973e+01	5.019065e+00
1.491999999999973e+01	5.019071e+00
1.492999999999973e+01	5.019072e+00
1.493999999999973e+01	5.019073e+00
1.494999999999973e+01	5.019075e+00
1.495999999999973e+01	5.019076e+00
1.496999999999973e+01	5.019078e+00
1.497999999999973e+01	5.019080e+00
1.498999999999972e+01	5.019081e+00
1.499999999999972e+01	5.019082e+00
1.500999999999972e+01	5.019083e+00
1.501999999999972e+01	5.019098e+00
1.502999999999972e+01	5.019086e+00
1.503999999999972e+01	5.019088e+00
1.504999999999972e+01	5.019089e+00
1.505999999999972e+01	5.019094e+00
1.506999999999972e+01	5.019021e+00
1.507999999999972e+01	5.019089e+00
1.508999999999972e+01	5.019095e+00
1.509999999999972e+01	5.019096e+00
1.510999999999972e+01	5.019098e+00
1.511999999999972e+01	5.019100e+00
1.512999999999972e+01	5.019100e+00
1.513999999999972e+01	5.019102e+00
1.514999999999972e+01	5.019073e+00
1.515999999999972e+01	5.019104e+00
1.516999999999972e+01	5.019106e+00
1.517999999999972e+01	5.019107e+00
1.518999999999972e+01	5.019109e+00
1.519999999999972e+01	5.019110e+00
1.520999999999972e+01	5.019112e+00
1.521999999999972e+01	5.019198e+00
1.522999999999972e+01	5.019114e+00
1.523999999999972e+01	5.019115e+00
1.524999999999972e+01	5.019274e+00
1.525999999999972e+01	5.019118e+00
1.526999999999972e+01	5.019120e+00
1.527999999999972e+01	5.019121e+00
1.528999999999972e+01	5.019123e+00
1.529999999999972e+01	5.019124e+00
1.530999999999972e+01	5.019125e+00
1.531999999999972e+01	5.019130e+00
1.532999999999972e+01	5.019133e+00
1.533999999999972e+01	5.019129e+00
1.534999999999972e+01	5.019131e+00
1.535999999999972e+01	5.019132e+00
1.536999999999972e+01	5.019134e+00
1.537999999999972e+01	5.019135e+00
1.538999999999972e+01	5.019136e+00
1.539999999999972e+01	5.019137e+00
1.540999999999972e+01	5.019139e+00
1.541999999999972e+01	5.019140e+00
1.542999999999972e+01	5.019141e+00
1.543999999999972e+01	5.019143e+00
1.544999999999972e+01	5.019144e+00
1.545999999999971e+01	5.019145e+00
1.546999999999971e+01	5.019341e+00
1.547999999999971e+01	5.019148e+00
1.548999999999971e+01	5.019153e+00
1.549999999999971e+01	5.019151e+00
1.550999999999971e+01	5.019152e+00
1.551999999999971e+01	5.019146e+00
1.552999999999971e+01	5.019155e+00
1.553999999999971e+01	5.019156e+00
1.554999999999971e+01	5.019154e+00
1.555999999999971e+01	5.019159e+00
1.556999999999971e+01	5.019181e+00
1.557999999999971e+01	5.019164e+00
1.558999999999971e+01	5.019163e+00
1.559999999999971e+01	5.019164e+00
1.560999999999971e+01	5.019165e+00
1.561999999999971e+01	5.019166e+00
1.562999999999971e+01	5.019141e+00
1.563999999999971e+01	5.019152e+00
1.564999999999971e+01	5.019170e+00
1.565999999999971e+01	5.019172e+00
1.566999999999971e+01	5.019173e+00
1.567999999999971e+01	5.019174e+00
1.568999999999971e+01	5.019176e+00
1.569999999999971e+01	5.019177e+00
1.570999999999971e+01	5.019178e+00
1.571999999999971e+01	5.019179e+00
1.572999999999971e+01	5.019181e+00
1.573999999999971e+01	5.019184e+00
1.574999999999971e+01	5.019183e+00
1.575999999999971e+01	5.019185e+00
1.576999999999971e+01	5.019186e+00
1.577999999999971e+01	5.019187e+00
1.578999999999971e+01	5.019188e+00
1.579999999999971e+01	5.019190e+00
1.580999999999971e+01	5.019191e+00
1.581999999999971e+01	5.019192e+00
1.582999999999971e+01	5.019194e+00
1.583999999999971e+01	5.019195e+00
1.584999999999971e+01	5.019196e+00
1.585999999999971e+01	5.019197e+00
1.586999999999971e+01	5.019198e+00
1.587999999999971e+01	5.019200e+00
1.588999999999971e+01	5.019200e+00
1.589999999999971e+01	5.019202e+00
1.590999999999971e+01	5.019204e+00
1.591999999999971e+01	5.019205e+00
1.592999999999970e+01	5.019206e+00
1.593999999999970e+01	5.019207e+00
1.594999999999970e+01	5.019208e+00
1.595999999999970e+01	5.019210e+00
1.596999999999970e+01	5.019211e+00
1.597999999999970e+01	5.019212e+00
1.598999999999970e+01	5.019214e+00
1.599999999999970e+01	5.019197e+00
1.600999999999970e+01	5.019216e+00
1.601999999999970e+01	5.019333e+00
1.602999999999971e+01	5.019218e+00
1.603999999999971e+01	5.019220e+00
1.604999999999971e+01	5.019221e+00
1.605999999999971e+01	5.019222e+00
1.606999999999971e+01	5.019224e+00
1.607999999999971e+01	5.019225e+00
1.608999999999972e+01	5.019226e+00
1.609999999999972e+01	5.019227e+00
1.610999999999972e+01	5.019228e+00
1.611999999999972e+01	5.019229e+00
1.612999999999972e+01	5.019231e+00
1.613999999999972e+01	5.019299e+00
1.614999999999973e+01	5.019233e+00
1.615999999999973e+01	5.019235e+00
1.616999999999973e+01	5.019236e+00
1.617999999999973e+01	5.019237e+00
1.618999999999973e+01	5.019238e+00
1.619999999999973e+01	5.019239e+00
1.620999999999973e+01	5.019323e+00
1.621999999999974e+01	5.019320e+00
1.622999999999974e+01	5.019250e+00
1.623999999999974e+01	5.019244e+00
1.624999999999974e+01	5.019246e+00
1.625999999999974e+01	5.019247e+00
1.626999999999974e+01	5.019248e+00
1.627999999999975e+01	5.019249e+00
1.628999999999975e+01	5.019250e+00
1.629999999999975e+01	5.019251e+00
1.630999999999975e+01	5.019253e+00
1.631999999999975e+01	5.019254e+00
1.632999999999975e+01	5.019255e+00
1.633999999999975e+01	5.019259e+00
1.634999999999976e+01	5.019258e+00
1.635999999999976e+01	5.019266e+00
1.636999999999976e+01	5.019260e+00
1.637999999999976e+01	5.019260e+00
1.638999999999976e+01	5.019262e+00
1.639999999999976e+01	5.019307e+00
1.640999999999977e+01	5.019264e+00
1.641999999999977e+01	5.019266e+00
1.642999999999977e+01	5.019267e+00
1.643999999999977e+01	5.019268e+00
1.644999999999977e+01	5.019269e+00
1.645999999999977e+01	5.019270e+00
1.646999999999978e+01	5.019271e+00
1.647999999999978e+01	5.019266e+00
1.648999999999978e+01	5.019268e+00
1.649999999999978e+01	5.019270e+00
1.650999999999978e+01	5.019273e+00
1.651999999999978e+01	5.019273e+00
1.652999999999978e+01	5.019277e+00
1.653999999999979e+01	5.019488e+00
1.654999999999979e+01	5.019281e+00
1.655999999999979e+01	5.019282e+00
1.656999999999979e+01	5.019283e+00
1.657999999999979e+01	5.019284e+00
1.658999999999979e+01	5.019285e+00
1.659999999999980e+01	5.019287e+00
1.660999999999980e+01	5.019288e+00
1.661999999999980e+01	5.019289e+00
1.662999999999980e+01	5.019290e+00
1.663999999999980e+01	5.019291e+00
1.664999999999980e+01	5.019292e+00
1.665999999999980e+01	5.019293e+00
1.666999999999981e+01	5.019301e+00
1.667999999999981e+01	5.019296e+00
1.668999999999981e+01	5.019297e+00
1.669999999999981e+01	5.019298e+00
1.670999999999981e+01	5.019299e+00
1.671999999999981e+01	5.019293e+00
1.672999999999982e+01	5.019294e+00
1.673999999999982e+01	5.019294e+00
1.674999999999982e+01	5.019301e+00
1.675999999999982e+01	5.019348e+00
1.676999999999982e+01	5.019306e+00
1.677999999999982e+01	5.019502e+00
1.678999999999983e+01	5.019308e+00
1.679999999999983e+01	5.019311e+00
1.680999999999983e+01	5.019310e+00
1.681999999999983e+01	5.019519e+00
1.682999999999983e+01	5.019312e+00
1.683999999999983e+01	5.019314e+00
1.684999999999983e+01	5.019315e+00
1.685999999999984e+01	5.019316e+00
1.686999999999984e+01	5.019317e+00
1.687999999999984e+01	5.019318e+00
1.688999999999984e+01	5.019410e+00
1.689999999999984e+01	5.019411e+00
1.690999999999984e+01	5.019353e+00
1.691999999999985e+01	5.019345e+00
1.692999999999985e+01	5.019346e+00
1.693999999999985e+01	5.019351e+00
1.694999999999985e+01	5.019326e+00
1.695999999999985e+01	5.019327e+00
1.696999999999985e+01	5.019328e+00
1.697999999999985e+01	5.019329e+00
1.698999999999986e+01	5.019330e+00
1.699999999999986e+01	5.019346e+00
1.700999999999986e+01	5.019352e+00
1.701999999999986e+01	5.019351e+00
1.702999999999986e+01	5.019351e+00
1.703999999999986e+01	5.019353e+00
1.704999999999987e+01	5.019354e+00
1.705999999999987e+01	5.019354e+00
1.706999999999987e+01	5.019355e+00
1.707999999999987e+01	5.019355e+00
1.708999999999987e+01	5.019352e+00
1.709999999999987e+01	5.019350e+00
1.710999999999988e+01	5.019348e+00
1.711999999999988e+01	5.019348e+00
1.712999999999988e+01	5.019506e+00
1.713999999999988e+01	5.019386e+00
1.714999999999988e+01	5.019354e+00
1.715999999999988e+01	5.019349e+00
1.716999999999988e+01	5.019350e+00
1.717999999999989e+01	5.019351e+00
1.718999999999989e+01	5.019509e+00
1.719999999999989e+01	5.019353e+00
1.720999999999989e+01	5.019354e+00
1.721999999999989e+01	5.019355e+00
1.722999999999989e+01	5.019356e+00
1.723999999999990e+01	5.019357e+00
1.724999999999990e+01	5.019358e+00
1.725999999999990e+01	5.019359e+00
1.726999999999990e+01	5.019362e+00
1.727999999999990e+01	5.019361e+00
1.728999999999990e+01	5.019397e+00
1.729999999999990e+01	5.019363e+00
1.730999999999991e+01	5.019365e+00
1.731999999999991e+01	5.019366e+00
1.732999999999991e+01	5.019368e+00
1.733999999999991e+01	5.019368e+00
1.734999999999991e+01	5.019369e+00
1.735999999999991e+01	5.019370e+00
1.736999999999992e+01	5.019371e+00
1.737999999999992e+01	5.019374e+00
1.738999999999992e+01	5.019373e+00
1.739999999999992e+01	5.019374e+00
1.740999999999992e+01	5.019406e+00
1.741999999999992e+01	5.019376e+00
1.742999999999993e+01	5.019377e+00
1.743999999999993e+01	5.019378e+00
1.744999999999993e+01	5.019379e+00
1.745999999999993e+01	5.019380e+00
1.746999999999993e+01	5.019388e+00
1.747999999999993e+01	5.019382e+00
1.748999999999993e+01	5.019383e+00
1.749999999999994e+01	5.019384e+00
1.750999999999994e+01	5.019385e+00
1.751999999999994e+01	5.019386e+00
1.752999999999994e+01	5.019321e+00
1.753999999999994e+01	5.019389e+00
1.754999999999994e+01	5.019390e+00
1.755999999999995e+01	5.019391e+00
1.756999999999995e+01	5.019392e+00
1.757999999999995e+01	5.019392e+00
1.758999999999995e+01	5.019393e+00
1.759999999999995e+01	5.019395e+00
1.760999999999995e+01	5.019396e+00
1.761999999999995e+01	5.019397e+00
1.762999999999996e+01	5.019402e+00
1.763999999999996e+01	5.019399e+00
1.764999999999996e+01	5.019400e+00
1.765999999999996e+01	5.019401e+00
1.766999999999996e+01	5.019402e+00
1.767999999999996e+01	5.019403e+00
1.768999999999997e+01	5.019404e+00
1.769999999999997e+01	5.019405e+00
1.770999999999997e+01	5.019406e+00
1.771999999999997e+01	5.019407e+00
1.772999999999997e+01	5.019408e+00
1.773999999999997e+01	5.019409e+00
1.774999999999998e+01	5.019410e+00
1.775999999999998e+01	5.019411e+00
1.776999999999998e+01	5.019412e+00
1.777999999999998e+01	5.019413e+00
1.778999999999998e+01	5.019414e+00
1.779999999999998e+01	5.019415e+00
1.780999999999998e+01	5.019424e+00
1.781999999999999e+01	5.019417e+00
1.782999999999999e+01	5.019418e+00
1.783999999999999e+01	5.019419e+00
1.784999999999999e+01	5.019417e+00
1.785999999999999e+01	5.019412e+00
1.786999999999999e+01	5.019422e+00
1.788000000000000e+01	5.019423e+00
1.789000000000000e+01	5.019423e+00
1.790000000000000e+01	5.019427e+00
1.791000000000000e+01	5.019428e+00
1.792000000000000e+01	5.019427e+00
1.793000000000000e+01	5.019428e+00
1.794000000000000e+01	5.019429e+00
1.795000000000001e+01	5.019430e+00
1.796000000000001e+01	5.019431e+00
1.797000000000001e+01	5.019432e+00
1.798000000000001e+01	5.019433e+00
1.799000000000001e+01	5.019433e+00
1.800000000000001e+01	5.019434e+00
1.801000000000002e+01	5.019433e+00
1.802000000000002e+01	5.019436e+00
1.803000000000002e+01	5.019437e+00
1.804000000000002e+01	5.019438e+00
1.805000000000002e+01	5.019439e+00
1.806000000000002e+01	5.019440e+00
1.807000000000003e+01	5.019441e+00
1.808000000000003e+01	5.019442e+00
1.809000000000003e+01	5.019443e+00
1.810000000000003e+01	5.019444e+00
1.811000000000003e+01	5.019445e+00
1.812000000000003e+01	5.019446e+00
1.813000000000003e+01	5.019447e+00
1.814000000000004e+01	5.019448e+00
1.815000000000004e+01	5.019449e+00
1.816000000000004e+01	5.019450e+00
1.817000000000004e+01	5.019451e+00
1.818000000000004e+01	5.019452e+00
1.819000000000004e+01	5.019453e+00
1.820000000000005e+01	5.019454e+00
1.821000000000005e+01	5.019454e+00
1.822000000000005e+01	5.019455e+00
1.823000000000005e+01	5.019456e+00
1.824000000000005e+01	5.019457e+00
1.825000000000005e+01	5.019458e+00
1.826000000000005e+01	5.019459e+00
1.827000000000006e+01	5.019460e+00
1.828000000000006e+01	5.019461e+00
1.829000000000006e+01	5.019462e+00
1.830000000000006e+01	5.019463e+00
1.831000000000006e+01	5.019464e+00
1.832000000000006e+01	5.019465e+00
1.833000000000007e+01	5.019466e+00
1.834000000000007e+01	5.019467e+00
1.835000000000007e+01	5.019468e+00
1.836000000000007e+01	5.019469e+00
1.837000000000007e+01	5.019470e+00
1.838000000000007e+01	5.019519e+00
1.839000000000008e+01	5.019472e+00
1.840000000000008e+01	5.019473e+00
1.841000000000008e+01	5.019474e+00
1.842000000000008e+01	5.019474e+00
1.843000000000008e+01	5.019477e+00
1.844000000000008e+01	5.019476e+00
1.845000000000008e+01	5.019477e+00
1.846000000000009e+01	5.019478e+00
1.847000000000009e+01	5.019479e+00
1.848000000000009e+01	5.019480e+00
1.849000000000009e+01	5.019481e+00
1.850000000000009e+01	5.019482e+00
1.851000000000009e+01	5.019483e+00
1.852000000000010e+01	5.019484e+00
1.853000000000010e+01	5.019485e+00
1.854000000000010e+01	5.019485e+00
1.855000000000010e+01	5.019486e+00
1.856000000000010e+01	5.019487e+00
1.857000000000010e+01	5.019488e+00
1.858000000000010e+01	5.019489e+00
1.859000000000011e+01	5.019490e+00
1.860000000000011e+01	5.019491e+00
1.861000000000011e+01	5.019492e+00
1.862000000000011e+01	5.019493e+00
1.863000000000011e+01	5.019452e+00
1.864000000000011e+01	5.019635e+00
1.865000000000012e+01	5.019495e+00
1.866000000000012e+01	5.019496e+00
1.867000000000012e+01	5.019497e+00
1.868000000000012e+01	5.019498e+00
1.869000000000012e+01	5.019499e+00
1.870000000000012e+01	5.019500e+00
1.871000000000013e+01	5.019501e+00
1.872000000000013e+01	5.019502e+00
1.873000000000013e+01	5.019503e+00
1.874000000000013e+01	5.019504e+00
1.875000000000013e+01	5.019504e+00
1.876000000000013e+01	5.019505e+00
1.877000000000013e+01	5.019506e+00
1.878000000000014e+01	5.019507e+00
1.879000000000014e+01	5.019508e+00
1.880000000000014e+01	5.019503e+00
1.881000000000014e+01	5.019510e+00
1.882000000000014e+01	5.019510e+00
1.883000000000014e+01	5.019511e+00
1.884000000000015e+01	5.019512e+00
1.885000000000015e+01	5.019513e+00
1.886000000000015e+01	5.019514e+00
1.887000000000015e+01	5.019515e+00
1.888000000000015e+01	5.019516e+00
1.889000000000015e+01	5.019516e+00
1.890000000000015e+01	5.019517e+00
1.891000000000016e+01	5.019518e+00
1.892000000000016e+01	5.019519e+00
1.893000000000016e+01	5.019520e+00
1.894000000000016e+01	5.019521e+00
1.895000000000016e+01	5.019522e+00
1.896000000000016e+01	5.019523e+00
1.897000000000017e+01	5.019524e+00
1.898000000000017e+01	5.019525e+00
1.899000000000017e+01	5.019526e+00
1.900000000000017e+01	5.019526e+00
1.901000000000017e+01	5.019527e+00
1.902000000000017e+01	5.019528e+00
1.903000000000018e+01	5.019529e+00
1.904000000000018e+01	5.019530e+00
1.905000000000018e+01	5.019689e+00
1.906000000000018e+01	5.019531e+00
1.907000000000018e+01	5.019532e+00
1.908000000000018e+01	5.019533e+00
1.909000000000018e+01	5.019534e+00
1.910000000000019e+01	5.019535e+00
1.911000000000019e+01	5.019536e+00
1.912000000000019e+01	5.019536e+00
1.913000000000019e+01	5.019537e+00
1.914000000000019e+01	5.019538e+00
1.915000000000019e+01	5.019534e+00
1.916000000000020e+01	5.019540e+00
1.917000000000020e+01	5.019541e+00
1.918000000000020e+01	5.019547e+00
1.919000000000020e+01	5.019541e+00
1.920000000000020e+01	5.019544e+00
1.921000000000020e+01	5.019688e+00
1.922000000000020e+01	5.019545e+00
1.923000000000021e+01	5.019546e+00
1.924000000000021e+01	5.019650e+00
1.925000000000021e+01	5.019547e+00
1.926000000000021e+01	5.019548e+00
1.927000000000021e+01	5.019495e+00
1.928000000000021e+01	5.019550e+00
1.929000000000022e+01	5.019551e+00
1.930000000000022e+01	5.019552e+00
1.931000000000022e+01	5.019553e+00
1.932000000000022e+01	5.019554e+00
1.933000000000022e+01	5.019555e+00
1.934000000000022e+01	5.019555e+00
1.935000000000023e+01	5.019556e+00
1.936000000000023e+01	5.019557e+00
1.937000000000023e+01	5.019558e+00
1.938000000000023e+01	5.019558e+00
1.939000000000023e+01	5.019559e+00
1.940000000000023e+01	5.019548e+00
1.941000000000023e+01	5.019561e+00
1.942000000000024e+01	5.019562e+00
1.943000000000024e+01	5.019563e+00
1.944000000000024e+01	5.019564e+00
1.945000000000024e+01	5.019565e+00
1.946000000000024e+01	5.019565e+00
1.947000000000024e+01	5.019566e+00
1.948000000000025e+01	5.019567e+00
1.949000000000025e+01	5.019567e+00
1.950000000000025e+01	5.019568e+00
1.951000000000025e+01	5.019569e+00
1.952000000000025e+01	5.019570e+00
1.953000000000025e+01	5.019571e+00
1.954000000000025e+01	5.019572e+00
1.955000000000026e+01	5.019573e+00
1.956000000000026e+01	5.019574e+00
1.957000000000026e+01	5.019574e+00
1.958000000000026e+01	5.019575e+00
1.959000000000026e+01	5.019576e+00
1.960000000000026e+01	5.019577e+00
1.961000000000027e+01	5.019578e+00
1.962000000000027e+01	5.019578e+00
1.963000000000027e+01	5.019579e+00
1.964000000000027e+01	5.019580e+00
1.965000000000027e+01	5.019581e+00
1.966000000000027e+01	5.019582e+00
1.967000000000028e+01	5.019595e+00
1.968000000000028e+01	5.019586e+00
1.969000000000028e+01	5.019584e+00
1.970000000000028e+01	5.019585e+00
1.971000000000028e+01	5.019588e+00
1.972000000000028e+01	5.019546e+00
1.973000000000028e+01	5.019587e+00
1.974000000000029e+01	5.019588e+00
1.975000000000029e+01	5.019589e+00
1.976000000000029e+01	5.019589e+00
1.977000000000029e+01	5.019590e+00
1.978000000000029e+01	5.019591e+00
1.979000000000029e+01	5.019592e+00
1.980000000000030e+01	5.019593e+00
1.981000000000030e+01	5.019579e+00
1.982000000000030e+01	5.019584e+00
1.983000000000030e+01	5.019595e+00
1.984000000000030e+01	5.019596e+00
1.985000000000030e+01	5.019597e+00
1.986000000000030e+01	5.019598e+00
1.987000000000031e+01	5.019598e+00
1.988000000000031e+01	5.019599e+00
1.989000000000031e+01	5.019600e+00
1.990000000000031e+01	5.019601e+00
1.991000000000031e+01	5.019601e+00
1.992000000000031e+01	5.019602e+00
1.993000000000032e+01	5.019603e+00
1.994000000000032e+01	5.019604e+00
1.995000000000032e+01	5.019617e+00
1.996000000000032e+01	5.019603e+00
1.997000000000032e+01	5.019588e+00
1.998000000000032e+01	5.019605e+00
1.999000000000033e+01	5.019608e+00
2.000000000000033e+01	5.019608e+00
2.001000000000033e+01	5.019609e+00
2.002000000000033e+01	5.019614e+00
2.003000000000033e+01	5.019611e+00
2.004000000000033e+01	5.019612e+00
2.005000000000033e+01	5.019612e+00
2.006000000000034e+01	5.019613e+00
2.007000000000034e+01	5.019614e+00
2.008000000000034e+01	5.019615e+00
2.009000000000034e+01	5.019616e+00
2.010000000000034e+01	5.019617e+00
2.011000000000034e+01	5.019621e+00
2.012000000000035e+01	5.019617e+00
2.013000000000035e+01	5.019619e+00
2.014000000000035e+01	5.019619e+00
2.015000000000035e+01	5.019627e+00
2.016000000000035e+01	5.019627e+00
2.017000000000035e+01	5.019628e+00
2.018000000000035e+01	5.019732e+00
2.019000000000036e+01	5.019621e+00
2.020000000000036e+01	5.019624e+00
2.021000000000036e+01	5.019625e+00
2.022000000000036e+01	5.019626e+00
2.023000000000036e+01	5.019627e+00
2.024000000000036e+01	5.019644e+00
2.025000000000037e+01	5.019636e+00
2.026000000000037e+01	5.019622e+00
2.027000000000037e+01	5.019629e+00
2.028000000000037e+01	5.019630e+00
2.029000000000037e+01	5.019607e+00
2.030000000000037e+01	5.019632e+00
2.031000000000038e+01	5.019632e+00
2.032000000000038e+01	5.019639e+00
2.033000000000038e+01	5.019634e+00
2.034000000000038e+01	5.019666e+00
2.035000000000038e+01	5.019644e+00
2.036000000000038e+01	5.019637e+00
2.037000000000038e+01	5.019637e+00
2.038000000000039e+01	5.019638e+00
2.039000000000039e+01	5.019639e+00
2.040000000000039e+01	5.019639e+00
2.041000000000039e+01	5.019640e+00
2.042000000000039e+01	5.019641e+00
2.043000000000039e+01	5.019641e+00
2.044000000000040e+01	5.019642e+00
2.045000000000040e+01	5.019643e+00
2.046000000000040e+01	5.019644e+00
2.047000000000040e+01	5.019645e+00
2.048000000000040e+01	5.019645e+00
2.049000000000040e+01	5.019646e+00
2.050000000000041e+01	5.019647e+00
2.051000000000041e+01	5.019648e+00
2.052000000000041e+01	5.019649e+00
2.053000000000041e+01	5.019649e+00
2.054000000000041e+01	5.019650e+00
2.055000000000041e+01	5.019650e+00
2.056000000000041e+01	5.019651e+00
2.057000000000042e+01	5.019633e+00
2.058000000000042e+01	5.019653e+00
2.059000000000042e+01	5.019645e+00
2.060000000000042e+01	5.019654e+00
2.061000000000042e+01	5.019655e+00
2.062000000000042e+01	5.019656e+00
2.063000000000043e+01	5.019656e+00
2.064000000000043e+01	5.019666e+00
2.065000000000043e+01	5.019658e+00
2.066000000000043e+01	5.019659e+00
2.067000000000043e+01	5.019723e+00
2.068000000000043e+01	5.019660e+00
2.069000000000043e+01	5.019661e+00
2.070000000000044e+01	5.019664e+00
2.071000000000044e+01	5.019662e+00
2.072000000000044e+01	5.019663e+00
2.073000000000044e+01	5.019664e+00
2.074000000000044e+01	5.019664e+00
2.075000000000044e+01	5.019665e+00
2.076000000000045e+01	5.019666e+00
2.077000000000045e+01	5.019667e+00
2.078000000000045e+01	5.019667e+00
2.079000000000045e+01	5.019668e+00
2.080000000000045e+01	5.019669e+00
2.081000000000045e+01	5.019670e+00
2.082000000000046e+01	5.019681e+00
2.083000000000046e+01	5.019671e+00
2.084000000000046e+01	5.019671e+00
2.085000000000046e+01	5.019672e+00
2.086000000000046e+01	5.019673e+00
2.087000000000046e+01	5.019674e+00
2.088000000000046e+01	5.019674e+00
2.089000000000047e+01	5.019675e+00
2.090000000000047e+01	5.019676e+00
2.091000000000047e+01	5.019677e+00
2.092000000000047e+01	5.019677e+00
2.093000000000047e+01	5.019678e+00
2.094000000000047e+01	5.019679e+00
2.095000000000048e+01	5.019680e+00
2.096000000000048e+01	5.019680e+00
2.097000000000048e+01	5.019681e+00
2.098000000000048e+01	5.019681e+00
2.099000000000048e+01	5.019682e+00
2.100000000000048e+01	5.019683e+00
2.101000000000048e+01	5.019684e+00
2.102000000000049e+01	5.019684e+00
2.103000000000049e+01	5.019685e+00
2.104000000000049e+01	5.019686e+00
2.105000000000049e+01	5.019687e+00
2.106000000000049e+01	5.019687e+00
2.107000000000049e+01	5.019688e+00
2.108000000000050e+01	5.019689e+00
2.109000000000050e+01	5.019689e+00
2.110000000000050e+01	5.019690e+00
2.111000000000050e+01	5.019691e+00
2.112000000000050e+01	5.019840e+00
2.113000000000050e+01	5.019692e+00
2.114000000000051e+01	5.019676e+00
2.115000000000051e+01	5.019693e+00
2.116000000000051e+01	5.019694e+00
2.117000000000051e+01	5.019695e+00
2.118000000000051e+01	5.019696e+00
2.119000000000051e+01	5.019696e+00
2.120000000000051e+01	5.019697e+00
2.121000000000052e+01	5.019698e+00
2.122000000000052e+01	5.019698e+00
2.123000000000052e+01	5.019699e+00
2.124000000000052e+01	5.019700e+00
2.125000000000052e+01	5.019701e+00
2.126000000000052e+01	5.019701e+00
2.127000000000053e+01	5.019701e+00
2.128000000000053e+01	5.019702e+00
2.129000000000053e+01	5.019703e+00
2.130000000000053e+01	5.019704e+00
2.131000000000053e+01	5.019705e+00
2.132000000000053e+01	5.019705e+00
2.133000000000053e+01	5.019713e+00
2.134000000000054e+01	5.019707e+00
2.135000000000054e+01	5.019707e+00
2.136000000000054e+01	5.019708e+00
2.137000000000054e+01	5.019709e+00
2.138000000000054e+01	5.019729e+00
2.139000000000054e+01	5.019710e+00
2.140000000000055e+01	5.019711e+00
2.141000000000055e+01	5.019711e+00
2.142000000000055e+01	5.019712e+00
2.143000000000055e+01	5.019713e+00
2.144000000000055e+01	5.019713e+00
2.145000000000055e+01	5.019714e+00
2.146000000000056e+01	5.019715e+00
2.147000000000056e+01	5.019715e+00
2.148000000000056e+01	5.019716e+00
2.149000000000056e+01	5.019717e+00
2.150000000000056e+01	5.019718e+00
2.151000000000056e+01	5.019718e+00
2.152000000000056e+01	5.019719e+00
2.153000000000057e+01	5.019720e+00
2.154000000000057e+01	5.019720e+00
2.155000000000057e+01	5.019721e+00
2.156000000000057e+01	5.019722e+00
2.157000000000057e+01	5.019722e+00
2.158000000000057e+01	5.019723e+00
2.159000000000058e+01	5.019723e+00
2.160000000000058e+01	5.019724e+00
2.161000000000058e+01	5.019725e+00
2.162000000000058e+01	5.019725e+00
2.163000000000058e+01	5.019726e+00
2.164000000000058e+01	5.019727e+00
2.165000000000058e+01	5.019714e+00
2.166000000000059e+01	5.019728e+00
2.167000000000059e+01	5.019729e+00
2.168000000000059e+01	5.019730e+00
2.169000000000059e+01	5.019730e+00
2.170000000000059e+01	5.019731e+00
2.171000000000059e+01	5.019732e+00
2.172000000000060e+01	5.019732e+00
2.173000000000060e+01	5.019733e+00
2.174000000000060e+01	5.019733e+00
2.175000000000060e+01	5.019734e+00
2.176000000000060e+01	5.019735e+00
2.177000000000060e+01	5.019735e+00
2.178000000000061e+01	5.019736e+00
2.179000000000061e+01	5.019737e+00
2.180000000000061e+01	5.019737e+00
2.181000000000061e+01	5.019738e+00
2.182000000000061e+01	5.019739e+00
2.183000000000061e+01	5.019739e+00
2.184000000000061e+01	5.019699e+00
2.185000000000062e+01	5.019741e+00
2.186000000000062e+01	5.019741e+00
2.187000000000062e+01	5.019742e+00
2.188000000000062e+01	5.019603e+00
2.189000000000062e+01	5.019743e+00
2.190000000000062e+01	5.019744e+00
2.191000000000063e+01	5.019744e+00
2.192000000000063e+01	5.019745e+00
2.193000000000063e+01	5.019746e+00
2.194000000000063e+01	5.019746e+00
2.195000000000063e+01	5.019747e+00
2.196000000000063e+01	5.019748e+00
2.197000000000063e+01	5.019748e+00
2.198000000000064e+01	5.019749e+00
2.199000000000064e+01	5.019750e+00
2.200000000000064e+01	5.019750e+00
2.201000000000064e+01	5.019751e+00
2.202000000000064e+01	5.019748e+00
2.203000000000064e+01	5.019753e+00
2.204000000000065e+01	5.019753e+00
2.205000000000065e+01	5.019753e+00
2.206000000000065e+01	5.019754e+00
2.207000000000065e+01	5.019755e+00
2.208000000000065e+01	5.019755e+00
2.209000000000065e+01	5.019756e+00
2.210000000000066e+01	5.019757e+00
2.211000000000066e+01	5.019757e+00
2.212000000000066e+01	5.019758e+00
2.213000000000066e+01	5.019759e+00
2.214000000000066e+01	5.019741e+00
2.215000000000066e+01	5.019743e+00
2.216000000000066e+01	5.019743e+00
2.217000000000067e+01	5.019761e+00
2.218000000000067e+01	5.019762e+00
2.219000000000067e+01	5.019763e+00
2.220000000000067e+01	5.019763e+00
2.221000000000067e+01	5.019766e+00
2.222000000000067e+01	5.019764e+00
2.223000000000068e+01	5.019765e+00
2.224000000000068e+01	5.019765e+00
2.225000000000068e+01	5.019766e+00
2.226000000000068e+01	5.019767e+00
2.227000000000068e+01	5.019767e+00
2.228000000000068e+01	5.019768e+00
2.229000000000068e+01	5.019769e+00
2.230000000000069e+01	5.019769e+00
2.231000000000069e+01	5.019770e+00
2.232000000000069e+01	5.019771e+00
2.233000000000069e+01	5.019771e+00
2.234000000000069e+01	5.019772e+00
2.235000000000069e+01	5.019773e+00
2.236000000000070e+01	5.019773e+00
2.237000000000070e+01	5.019773e+00
2.238000000000070e+01	5.019774e+00
2.239000000000070e+01	5.019775e+00
2.240000000000070e+01	5.019775e+00
2.241000000000070e+01	5.019776e+00
2.242000000000071e+01	5.019777e+00
2.243000000000071e+01	5.019777e+00
2.244000000000071e+01	5.019778e+00
2.245000000000071e+01	5.019779e+00
2.246000000000071e+01	5.019779e+00
2.247000000000071e+01	5.019780e+00
2.248000000000071e+01	5.019781e+00
2.249000000000072e+01	5.019781e+00
2.250000000000072e+01	5.019782e+00
2.251000000000072e+01	5.019783e+00
2.252000000000072e+01	5.019783e+00
2.253000000000072e+01	5.019783e+00
2.254000000000072e+01	5.019787e+00
2.255000000000073e+01	5.019785e+00
2.256000000000073e+01	5.019660e+00
2.257000000000073e+01	5.019786e+00
2.258000000000073e+01	5.019787e+00
2.259000000000073e+01	5.019787e+00
2.260000000000073e+01	5.019788e+00
2.261000000000073e+01	5.019788e+00
2.262000000000074e+01	5.019798e+00
2.263000000000074e+01	5.019790e+00
2.264000000000074e+01	5.019790e+00
2.265000000000074e+01	5.019791e+00
2.266000000000074e+01	5.019800e+00
2.267000000000074e+01	5.019792e+00
2.268000000000075e+01	5.019793e+00
2.269000000000075e+01	5.019794e+00
2.270000000000075e+01	5.019794e+00
2.271000000000075e+01	5.019794e+00
2.272000000000075e+01	5.019796e+00
2.273000000000075e+01	5.019796e+00
2.274000000000076e+01	5.019796e+00
2.275000000000076e+01	5.019797e+00
2.276000000000076e+01	5.019797e+00
2.277000000000076e+01	5.019798e+00
2.278000000000076e+01	5.019799e+00
2.279000000000076e+01	5.019799e+00
2.280000000000076e+01	5.019802e+00
2.281000000000077e+01	5.019801e+00
2.282000000000077e+01	5.019801e+00
2.283000000000077e+01	5.019802e+00
2.284000000000077e+01	5.019802e+00
2.285000000000077e+01	5.019803e+00
2.286000000000077e+01	5.019804e+00
2.287000000000078e+01	5.019804e+00
2.288000000000078e+01	5.019804e+00
2.289000000000078e+01	5.019805e+00
2.290000000000078e+01	5.019806e+00
2.291000000000078e+01	5.019806e+00
2.292000000000078e+01	5.019807e+00
2.293000000000078e+01	5.019808e+00
2.294000000000079e+01	5.019808e+00
2.295000000000079e+01	5.019809e+00
2.296000000000079e+01	5.019831e+00
2.297000000000079e+01	5.019810e+00
2.298000000000079e+01	5.019811e+00
2.299000000000079e+01	5.019812e+00
2.300000000000080e+01	5.019812e+00
2.301000000000080e+01	5.019812e+00
2.302000000000080e+01	5.019822e+00
2.303000000000080e+01	5.019819e+00
2.304000000000080e+01	5.019819e+00
2.305000000000080e+01	5.019820e+00
2.306000000000081e+01	5.019821e+00
2.307000000000081e+01	5.019821e+00
2.308000000000081e+01	5.019822e+00
2.309000000000081e+01	5.019822e+00
2.310000000000081e+01	5.019817e+00
2.311000000000081e+01	5.019818e+00
2.312000000000081e+01	5.019819e+00
2.313000000000082e+01	5.019819e+00
2.314000000000082e+01	5.019825e+00
2.315000000000082e+01	5.019821e+00
2.316000000000082e+01	5.019821e+00
2.317000000000082e+01	5.019822e+00
2.318000000000082e+01	5.019822e+00
2.319000000000083e+01	5.019823e+00
2.320000000000083e+01	5.019824e+00
2.321000000000083e+01	5.019824e+00
2.322000000000083e+01	5.019825e+00
2.323000000000083e+01	5.019825e+00
2.324000000000083e+01	5.019825e+00
2.325000000000083e+01	5.019826e+00
2.326000000000084e+01	5.019827e+00
2.327000000000084e+01	5.019827e+00
2.328000000000084e+01	5.019828e+00
2.329000000000084e+01	5.019828e+00
2.330000000000084e+01	5.019829e+00
2.331000000000084e+01	5.019830e+00
2.332000000000085e+01	5.019830e+00
2.333000000000085e+01	5.019811e+00
2.334000000000085e+01	5.019831e+00
2.335000000000085e+01	5.019832e+00
2.336000000000085e+01	5.019833e+00
2.337000000000085e+01	5.019832e+00
2.338000000000086e+01	5.019834e+00
2.339000000000086e+01	5.019834e+00
2.340000000000086e+01	5.019835e+00
2.341000000000086e+01	5.019835e+00
2.342000000000086e+01	5.019836e+00
2.343000000000086e+01	5.019836e+00
2.344000000000086e+01	5.019837e+00
2.345000000000087e+01	5.019838e+00
2.346000000000087e+01	5.019838e+00
2.347000000000087e+01	5.019839e+00
2.348000000000087e+01	5.019839e+00
2.349000000000087e+01	5.019840e+00
2.350000000000087e+01	5.019840e+00
2.351000000000088e+01	5.019841e+00
2.352000000000088e+01	5.019842e+00
2.353000000000088e+01	5.019842e+00
2.354000000000088e+01	5.019843e+00
2.355000000000088e+01	5.019843e+00
2.356000000000088e+01	5.019844e+00
2.357000000000088e+01	5.019845e+00
2.358000000000089e+01	5.019846e+00
2.359000000000089e+01	5.019845e+00
2.360000000000089e+01	5.019846e+00
2.361000000000089e+01	5.019847e+00
2.362000000000089e+01	5.019847e+00
2.363000000000089e+01	5.019848e+00
2.364000000000090e+01	5.019850e+00
2.365000000000090e+01	5.019845e+00
2.366000000000090e+01	5.019849e+00
2.367000000000090e+01	5.019850e+00
2.368000000000090e+01	5.019850e+00
2.369000000000090e+01	5.019851e+00
2.370000000000091e+01	5.019852e+00
2.371000000000091e+01	5.019852e+00
2.372000000000091e+01	5.019864e+00
2.373000000000091e+01	5.019853e+00
2.374000000000091e+01	5.019854e+00
2.375000000000091e+01	5.019855e+00
2.376000000000091e+01	5.019855e+00
2.377000000000092e+01	5.019855e+00
2.378000000000092e+01	5.019856e+00
2.379000000000092e+01	5.019854e+00
2.380000000000092e+01	5.019857e+00
2.381000000000092e+01	5.019857e+00
2.382000000000092e+01	5.019858e+00
2.383000000000093e+01	5.019859e+00
2.384000000000093e+01	5.019856e+00
2.385000000000093e+01	5.019860e+00
2.386000000000093e+01	5.019860e+00
2.387000000000093e+01	5.019861e+00
2.388000000000093e+01	5.019861e+00
2.389000000000093e+01	5.019862e+00
2.390000000000094e+01	5.019863e+00
2.391000000000094e+01	5.019863e+00
2.392000000000094e+01	5.019864e+00
2.393000000000094e+01	5.019864e+00
2.394000000000094e+01	5.019865e+00
2.395000000000094e+01	5.019865e+00
2.396000000000095e+01	5.019866e+00
2.397000000000095e+01	5.019866e+00
2.398000000000095e+01	5.019867e+00
2.399000000000095e+01	5.019867e+00
2.400000000000095e+01	5.019868e+00
2.401000000000095e+01	5.019868e+00
2.402000000000096e+01	5.019869e+00
2.403000000000096e+01	5.019869e+00
2.404000000000096e+01	5.019870e+00
2.405000000000096e+01	5.019871e+00
2.406000000000096e+01	5.019871e+00
2.407000000000096e+01	5.019872e+00
2.408000000000096e+01	5.019872e+00
2.409000000000097e+01	5.019873e+00
2.410000000000097e+01	5.019873e+00
2.411000000000097e+01	5.019874e+00
2.412000000000097e+01	5.019917e+00
2.413000000000097e+01	5.019875e+00
2.414000000000097e+01	5.019879e+00
2.415000000000098e+01	5.019976e+00
2.416000000000098e+01	5.019876e+00
2.417000000000098e+01	5.019879e+00
2.418000000000098e+01	5.019877e+00
2.419000000000098e+01	5.019878e+00
2.420000000000098e+01	5.019878e+00
2.421000000000098e+01	5.019879e+00
2.422000000000099e+01	5.019880e+00
2.423000000000099e+01	5.019880e+00
2.424000000000099e+01	5.019881e+00
2.425000000000099e+01	5.019881e+00
2.426000000000099e+01	5.019882e+00
2.427000000000099e+01	5.019882e+00
2.428000000000100e+01	5.019883e+00
2.429000000000100e+01	5.019883e+00
2.430000000000100e+01	5.019884e+00
2.431000000000100e+01	5.019885e+00
2.432000000000100e+01	5.019885e+00
2.433000000000100e+01	5.019886e+00
2.434000000000101e+01	5.019886e+00
2.435000000000101e+01	5.019886e+00
2.436000000000101e+01	5.019887e+00
2.437000000000101e+01	5.019887e+00
2.438000000000101e+01	5.019888e+00
2.439000000000101e+01	5.019888e+00
2.440000000000101e+01	5.019889e+00
2.441000000000102e+01	5.019889e+00
2.442000000000102e+01	5.019890e+00
2.443000000000102e+01	5.019891e+00
2.444000000000102e+01	5.019891e+00
2.445000000000102e+01	5.019892e+00
2.446000000000102e+01	5.019892e+00
2.447000000000103e+01	5.019893e+00
2.448000000000103e+01	5.019892e+00
2.449000000000103e+01	5.019894e+00
2.450000000000103e+01	5.019894e+00
2.451000000000103e+01	5.019895e+00
2.452000000000103e+01	5.019895e+00
2.453000000000103e+01	5.019896e+00
2.454000000000104e+01	5.019897e+00
2.455000000000104e+01	5.019897e+00
2.456000000000104e+01	5.019897e+00
2.457000000000104e+01	5.019898e+00
2.458000000000104e+01	5.019972e+00
2.459000000000104e+01	5.019908e+00
2.460000000000105e+01	5.019899e+00
2.461000000000105e+01	5.019900e+00
2.462000000000105e+01	5.019900e+00
2.463000000000105e+01	5.019901e+00
2.464000000000105e+01	5.019901e+00
2.465000000000105e+01	5.019902e+00
2.466000000000106e+01	5.019902e+00
2.467000000000106e+01	5.019903e+00
2.468000000000106e+01	5.019904e+00
2.469000000000106e+01	5.019904e+00
2.470000000000106e+01	5.019905e+00
2.471000000000106e+01	5.019905e+00
2.472000000000106e+01	5.019906e+00
2.473000000000107e+01	5.019906e+00
2.474000000000107e+01	5.019907e+00
2.475000000000107e+01	5.019907e+00
2.476000000000107e+01	5.019907e+00
2.477000000000107e+01	5.019908e+00
2.478000000000107e+01	5.019908e+00
2.479000000000108e+01	5.019909e+00
2.480000000000108e+01	5.019897e+00
2.481000000000108e+01	5.019910e+00
2.482000000000108e+01	5.019911e+00
2.483000000000108e+01	5.019911e+00
2.484000000000108e+01	5.019912e+00
2.485000000000108e+01	5.019912e+00
2.486000000000109e+01	5.019914e+00
2.487000000000109e+01	5.019913e+00
2.488000000000109e+01	5.019914e+00
2.489000000000109e+01	5.019914e+00
2.490000000000109e+01	5.019915e+00
2.491000000000109e+01	5.019901e+00
2.492000000000110e+01	5.019916e+00
2.493000000000110e+01	5.019916e+00
2.494000000000110e+01	5.019917e+00
2.495000000000110e+01	5.019917e+00
2.496000000000110e+01	5.019917e+00
2.497000000000110e+01	5.019918e+00
2.498000000000111e+01	5.019918e+00
2.499000000000111e+01	5.019919e+00
2.500000000000111e+01	5.019919e+00
2.501000000000111e+01	5.019920e+00
2.502000000000111e+01	5.019920e+00
2.503000000000111e+01	5.019921e+00
2.504000000000111e+01	5.019921e+00
2.505000000000112e+01	5.019922e+00
2.506000000000112e+01	5.019922e+00
2.507000000000112e+01	5.019923e+00
2.508000000000112e+01	5.019924e+00
2.509000000000112e+01	5.019924e+00
2.510000000000112e+01	5.019925e+00
2.511000000000113e+01	5.019925e+00
2.512000000000113e+01	5.019926e+00
2.513000000000113e+01	5.019926e+00
2.514000000000113e+01	5.019927e+00
2.515000000000113e+01	5.019927e+00
2.516000000000113e+01	5.019928e+00
2.517000000000114e+01	5.019928e+00
2.518000000000114e+01	5.019939e+00
2.519000000000114e+01	5.019929e+00
2.520000000000114e+01	5.019929e+00
2.521000000000114e+01	5.019930e+00
2.522000000000114e+01	5.019930e+00
2.523000000000114e+01	5.019931e+00
2.524000000000115e+01	5.019931e+00
2.525000000000115e+01	5.019932e+00
2.526000000000115e+01	5.019932e+00
2.527000000000115e+01	5.019933e+00
2.528000000000115e+01	5.019933e+00
2.529000000000115e+01	5.019934e+00
2.530000000000116e+01	5.019934e+00
2.531000000000116e+01	5.019935e+00
2.532000000000116e+01	5.019935e+00
2.533000000000116e+01	5.019936e+00
2.534000000000116e+01	5.019936e+00
2.535000000000116e+01	5.019937e+00
2.536000000000116e+01	5.019937e+00
2.537000000000117e+01	5.019938e+00
2.538000000000117e+01	5.019938e+00
2.539000000000117e+01	5.019938e+00
2.540000000000117e+01	5.019941e+00
2.541000000000117e+01	5.020056e+00
2.542000000000117e+01	5.019941e+00
2.543000000000118e+01	5.020112e+00
2.544000000000118e+01	5.020059e+00
2.545000000000118e+01	5.019941e+00
2.546000000000118e+01	5.019942e+00
2.547000000000118e+01	5.019942e+00
2.548000000000118e+01	5.019943e+00
2.549000000000119e+01	5.019943e+00
2.550000000000119e+01	5.019944e+00
2.551000000000119e+01	5.019946e+00
2.552000000000119e+01	5.019945e+00
2.553000000000119e+01	5.019939e+00
2.554000000000119e+01	5.019946e+00
2.555000000000119e+01	5.019946e+00
2.556000000000120e+01	5.019947e+00
2.557000000000120e+01	5.019947e+00
2.558000000000120e+01	5.019948e+00
2.559000000000120e+01	5.019948e+00
2.560000000000120e+01	5.019948e+00
2.561000000000120e+01	5.019949e+00
2.562000000000121e+01	5.019949e+00
2.563000000000121e+01	5.019950e+00
2.564000000000121e+01	5.019950e+00
2.565000000000121e+01	5.019951e+00
2.566000000000121e+01	5.019951e+00
2.567000000000121e+01	5.019952e+00
2.568000000000121e+01	5.019952e+00
2.569000000000122e+01	5.019953e+00
2.570000000000122e+01	5.019953e+00
2.571000000000122e+01	5.019954e+00
2.572000000000122e+01	5.019954e+00
2.573000000000122e+01	5.019955e+00
2.574000000000122e+01	5.019955e+00
2.575000000000123e+01	5.019956e+00
2.576000000000123e+01	5.019956e+00
2.577000000000123e+01	5.019957e+00
2.578000000000123e+01	5.019957e+00
2.579000000000123e+01	5.019958e+00
2.580000000000123e+01	5.019958e+00
2.581000000000124e+01	5.019964e+00
2.582000000000124e+01	5.019959e+00
2.583000000000124e+01	5.019959e+00
2.584000000000124e+01	5.019960e+00
2.585000000000124e+01	5.019960e+00
2.586000000000124e+01	5.020020e+00
2.587000000000124e+01	5.019961e+00
2.588000000000125e+01	5.019963e+00
2.589000000000125e+01	5.019949e+00
2.590000000000125e+01	5.019962e+00
2.591000000000125e+01	5.019964e+00
2.592000000000125e+01	5.019963e+00
2.593000000000125e+01	5.019965e+00
2.594000000000126e+01	5.019965e+00
2.595000000000126e+01	5.019965e+00
2.596000000000126e+01	5.019966e+00
2.597000000000126e+01	5.019966e+00
2.598000000000126e+01	5.019967e+00
2.599000000000126e+01	5.019967e+00
2.600000000000126e+01	5.019967e+00
2.601000000000127e+01	5.019968e+00
2.602000000000127e+01	5.019968e+00
2.603000000000127e+01	5.019969e+00
2.604000000000127e+01	5.019969e+00
2.605000000000127e+01	5.019969e+00
2.606000000000127e+01	5.019970e+00
2.607000000000128e+01	5.019970e+00
2.608000000000128e+01	5.019971e+00
2.609000000000128e+01	5.019971e+00
2.610000000000128e+01	5.019972e+00
2.611000000000128e+01	5.019972e+00
2.612000000000128e+01	5.019973e+00
2.613000000000129e+01	5.019973e+00
2.614000000000129e+01	5.019974e+00
2.615000000000129e+01	5.019974e+00
2.616000000000129e+01	5.019975e+00
2.617000000000129e+01	5.019975e+00
2.618000000000129e+01	5.019976e+00
2.619000000000129e+01	5.019976e+00
2.620000000000130e+01	5.019977e+00
2.621000000000130e+01	5.019977e+00
2.622000000000130e+01	5.019978e+00
2.623000000000130e+01	5.019978e+00
2.624000000000130e+01	5.019979e+00
2.625000000000130e+01	5.019979e+00
2.626000000000131e+01	5.019979e+00
2.627000000000131e+01	5.019980e+00
2.628000000000131e+01	5.019981e+00
2.629000000000131e+01	5.019982e+00
2.630000000000131e+01	5.019983e+00
2.631000000000131e+01	5.019984e+00
2.632000000000131e+01	5.019981e+00
2.633000000000132e+01	5.019982e+00
2.634000000000132e+01	5.019982e+00
2.635000000000132e+01	5.019983e+00
2.636000000000132e+01	5.019983e+00
2.637000000000132e+01	5.019984e+00
2.638000000000132e+01	5.019984e+00
2.639000000000133e+01	5.019985e+00
2.640000000000133e+01	5.019985e+00
2.641000000000133e+01	5.019986e+00
2.642000000000133e+01	5.019986e+00
2.643000000000133e+01	5.019987e+00
2.644000000000133e+01	5.019987e+00
2.645000000000134e+01	5.019987e+00
2.646000000000134e+01	5.019988e+00
2.647000000000134e+01	5.019988e+00
2.648000000000134e+01	5.019989e+00
2.649000000000134e+01	5.019989e+00
2.650000000000134e+01	5.019989e+00
2.651000000000134e+01	5.019990e+00
2.652000000000135e+01	5.019990e+00
2.653000000000135e+01	5.019991e+00
2.654000000000135e+01	5.019991e+00
2.655000000000135e+01	5.019992e+00
2.656000000000135e+01	5.019992e+00
2.657000000000135e+01	5.019992e+00
2.658000000000136e+01	5.019993e+00
2.659000000000136e+01	5.019993e+00
2.660000000000136e+01	5.019994e+00
2.661000000000136e+01	5.019994e+00
2.662000000000136e+01	5.019995e+00
2.663000000000136e+01	5.019995e+00
2.664000000000136e+01	5.019996e+00
2.665000000000137e+01	5.020004e+00
2.666000000000137e+01	5.019997e+00
2.667000000000137e+01	5.019997e+00
2.668000000000137e+01	5.020195e+00
2.669000000000137e+01	5.019998e+00
2.670000000000137e+01	5.019998e+00
2.671000000000138e+01	5.019999e+00
2.672000000000138e+01	5.019999e+00
2.673000000000138e+01	5.020000e+00
2.674000000000138e+01	5.020010e+00
2.675000000000138e+01	5.020000e+00
2.676000000000138e+01	5.020001e+00
2.677000000000139e+01	5.020001e+00
2.678000000000139e+01	5.020002e+00
2.679000000000139e+01	5.020002e+00
2.680000000000139e+01	5.020002e+00
2.681000000000139e+01	5.020003e+00
2.682000000000139e+01	5.020003e+00
2.683000000000139e+01	5.020004e+00
2.684000000000140e+01	5.020004e+00
2.685000000000140e+01	5.020005e+00
2.686000000000140e+01	5.020005e+00
2.687000000000140e+01	5.020006e+00
2.688000000000140e+01	5.020006e+00
2.689000000000140e+01	5.020006e+00
2.690000000000141e+01	5.020007e+00
2.691000000000141e+01	5.020007e+00
2.692000000000141e+01	5.020008e+00
2.693000000000141e+01	5.020008e+00
2.694000000000141e+01	5.020009e+00
2.695000000000141e+01	5.020009e+00
2.696000000000141e+01	5.020010e+00
2.697000000000142e+01	5.020010e+00
2.698000000000142e+01	5.020010e+00
2.699000000000142e+01	5.020010e+00
2.700000000000142e+01	5.020011e+00
2.701000000000142e+01	5.020011e+00
2.702000000000142e+01	5.020012e+00
2.703000000000143e+01	5.020040e+00
2.704000000000143e+01	5.020000e+00
2.705000000000143e+01	5.020013e+00
2.706000000000143e+01	5.020014e+00
2.707000000000143e+01	5.020014e+00
2.708000000000143e+01	5.020014e+00
2.709000000000144e+01	5.020015e+00
2.710000000000144e+01	5.020015e+00
2.711000000000144e+01	5.020016e+00
2.712000000000144e+01	5.020016e+00
2.713000000000144e+01	5.020016e+00
2.714000000000144e+01	5.020016e+00
2.715000000000144e+01	5.020018e+00
2.716000000000145e+01	5.020018e+00
2.717000000000145e+01	5.020012e+00
2.718000000000145e+01	5.020019e+00
2.719000000000145e+01	5.020019e+00
2.720000000000145e+01	5.020020e+00
2.721000000000145e+01	5.020020e+00
2.722000000000146e+01	5.020020e+00
2.723000000000146e+01	5.020021e+00
2.724000000000146e+01	5.020021e+00
2.725000000000146e+01	5.020021e+00
2.726000000000146e+01	5.020022e+00
2.727000000000146e+01	5.020022e+00
2.728000000000146e+01	5.020023e+00
2.729000000000147e+01	5.020023e+00
2.730000000000147e+01	5.020024e+00
2.731000000000147e+01	5.020024e+00
2.732000000000147e+01	5.020024e+00
2.733000000000147e+01	5.020025e+00
2.734000000000147e+01	5.020025e+00
2.735000000000148e+01	5.020026e+00
2.736000000000148e+01	5.020026e+00
2.737000000000148e+01	5.020027e+00
2.738000000000148e+01	5.020027e+00
2.739000000000148e+01	5.020027e+00
2.740000000000148e+01	5.020028e+00
2.741000000000149e+01	5.020028e+00
2.742000000000149e+01	5.020029e+00
2.743000000000149e+01	5.020029e+00
2.744000000000149e+01	5.020030e+00
2.745000000000149e+01	5.020030e+00
2.746000000000149e+01	5.020030e+00
2.747000000000149e+01	5.020030e+00
2.748000000000150e+01	5.020057e+00
2.749000000000150e+01	5.020031e+00
2.750000000000150e+01	5.020031e+00
2.751000000000150e+01	5.019907e+00
2.752000000000150e+01	5.019966e+00
2.753000000000150e+01	5.020006e+00
2.754000000000151e+01	5.020027e+00
2.755000000000151e+01	5.020034e+00
2.756000000000151e+01	5.020034e+00
2.757000000000151e+01	5.020035e+00
2.758000000000151e+01	5.020035e+00
2.759000000000151e+01	5.020036e+00
2.760000000000151e+01	5.020036e+00
2.761000000000152e+01	5.020036e+00
2.762000000000152e+01	5.020037e+00
2.763000000000152e+01	5.020037e+00
2.764000000000152e+01	5.020038e+00
2.765000000000152e+01	5.020038e+00
2.766000000000152e+01	5.020038e+00
2.767000000000153e+01	5.020039e+00
2.768000000000153e+01	5.020039e+00
2.769000000000153e+01	5.020040e+00
2.770000000000153e+01	5.020040e+00
2.771000000000153e+01	5.020041e+00
2.772000000000153e+01	5.020041e+00
2.773000000000154e+01	5.020041e+00
2.774000000000154e+01	5.020041e+00
2.775000000000154e+01	5.020042e+00
2.776000000000154e+01	5.020042e+00
2.777000000000154e+01	5.020043e+00
2.778000000000154e+01	5.020043e+00
2.779000000000154e+01	5.020043e+00
2.780000000000155e+01	5.020044e+00
2.781000000000155e+01	5.020044e+00
2.782000000000155e+01	5.020045e+00
2.783000000000155e+01	5.020045e+00
2.784000000000155e+01	5.020046e+00
2.785000000000155e+01	5.020046e+00
2.786000000000156e+01	5.020046e+00
2.787000000000156e+01	5.020047e+00
2.788000000000156e+01	5.020047e+00
2.789000000000156e+01	5.020048e+00
2.790000000000156e+01	5.020048e+00
2.791000000000156e+01	5.020048e+00
2.792000000000156e+01	5.020049e+00
2.793000000000157e+01	5.020049e+00
2.794000000000157e+01	5.020050e+00
2.795000000000157e+01	5.020050e+00
2.796000000000157e+01	5.020051e+00
2.797000000000157e+01	5.020051e+00
2.798000000000157e+01	5.020051e+00
2.799000000000158e+01	5.020051e+00
2.800000000000158e+01	5.020052e+00
2.801000000000158e+01	5.020052e+00
2.802000000000158e+01	5.020052e+00
2.803000000000158e+01	5.020053e+00
2.804000000000158e+01	5.020053e+00
2.805000000000159e+01	5.020054e+00
2.806000000000159e+01	5.020054e+00
2.807000000000159e+01	5.020055e+00
2.808000000000159e+01	5.020055e+00
2.809000000000159e+01	5.020055e+00
2.810000000000159e+01	5.020056e+00
2.811000000000159e+01	5.020056e+00
2.812000000000160e+01	5.020057e+00
2.813000000000160e+01	5.020057e+00
2.814000000000160e+01	5.020057e+00
2.815000000000160e+01	5.020058e+00
2.816000000000160e+01	5.020058e+00
2.817000000000160e+01	5.020059e+00
2.818000000000161e+01	5.020059e+00
2.819000000000161e+01	5.020059e+00
2.820000000000161e+01	5.020060e+00
2.821000000000161e+01	5.020060e+00
2.822000000000161e+01	5.020061e+00
2.823000000000161e+01	5.020061e+00
2.824000000000161e+01	5.020061e+00
2.825000000000162e+01	5.020061e+00
2.826000000000162e+01	5.020062e+00
2.827000000000162e+01	5.020062e+00
2.828000000000162e+01	5.020063e+00
2.829000000000162e+01	5.020063e+00
2.830000000000162e+01	5.020063e+00
2.831000000000163e+01	5.020064e+00
2.832000000000163e+01	5.020064e+00
2.833000000000163e+01	5.020065e+00
2.834000000000163e+01	5.020065e+00
2.835000000000163e+01	5.020065e+00
2.836000000000163e+01	5.020066e+00
2.837000000000164e+01	5.020066e+00
2.838000000000164e+01	5.020067e+00
2.839000000000164e+01	5.020067e+00
2.840000000000164e+01	5.020067e+00
2.841000000000164e+01	5.020068e+00
2.842000000000164e+01	5.020068e+00
2.843000000000164e+01	5.020069e+00
2.844000000000165e+01	5.019987e+00
2.845000000000165e+01	5.020076e+00
2.846000000000165e+01	5.020070e+00
2.847000000000165e+01	5.020070e+00
2.848000000000165e+01	5.020071e+00
2.849000000000165e+01	5.020071e+00
2.850000000000166e+01	5.020071e+00
2.851000000000166e+01	5.020072e+00
2.852000000000166e+01	5.020072e+00
2.853000000000166e+01	5.020072e+00
2.854000000000166e+01	5.020073e+00
2.855000000000166e+01	5.020073e+00
2.856000000000166e+01	5.020073e+00
2.857000000000167e+01	5.020074e+00
2.858000000000167e+01	5.020074e+00
2.859000000000167e+01	5.020075e+00
2.860000000000167e+01	5.020075e+00
2.861000000000167e+01	5.020075e+00
2.862000000000167e+01	5.020076e+00
2.863000000000168e+01	5.020076e+00
2.864000000000168e+01	5.020076e+00
2.865000000000168e+01	5.020077e+00
2.866000000000168e+01	5.020019e+00
2.867000000000168e+01	5.020078e+00
2.868000000000168e+01	5.020078e+00
2.869000000000169e+01	5.020078e+00
2.870000000000169e+01	5.020079e+00
2.871000000000169e+01	5.020079e+00
2.872000000000169e+01	5.020080e+00
2.873000000000169e+01	5.020091e+00
2.874000000000169e+01	5.020080e+00
2.875000000000169e+01	5.020081e+00
2.876000000000170e+01	5.020081e+00
2.877000000000170e+01	5.020082e+00
2.878000000000170e+01	5.020082e+00
2.879000000000170e+01	5.020082e+00
2.880000000000170e+01	5.020147e+00
2.881000000000170e+01	5.020083e+00
2.882000000000171e+01	5.020083e+00
2.883000000000171e+01	5.020083e+00
2.884000000000171e+01	5.020100e+00
2.885000000000171e+01	5.020077e+00
2.886000000000171e+01	5.020085e+00
2.887000000000171e+01	5.020086e+00
2.888000000000171e+01	5.020085e+00
2.889000000000172e+01	5.020086e+00
2.890000000000172e+01	5.020086e+00
2.891000000000172e+01	5.020087e+00
2.892000000000172e+01	5.020087e+00
2.893000000000172e+01	5.020086e+00
2.894000000000172e+01	5.020088e+00
2.895000000000173e+01	5.020094e+00
2.896000000000173e+01	5.020093e+00
2.897000000000173e+01	5.020089e+00
2.898000000000173e+01	5.020089e+00
2.899000000000173e+01	5.020090e+00
2.900000000000173e+01	5.020090e+00
2.901000000000174e+01	5.020090e+00
2.902000000000174e+01	5.020091e+00
2.903000000000174e+01	5.020091e+00
2.904000000000174e+01	5.020092e+00
2.905000000000174e+01	5.020092e+00
2.906000000000174e+01	5.020092e+00
2.907000000000174e+01	5.020092e+00
2.908000000000175e+01	5.020093e+00
2.909000000000175e+01	5.020093e+00
2.910000000000175e+01	5.020093e+00
2.911000000000175e+01	5.020094e+00
2.912000000000175e+01	5.020094e+00
2.913000000000175e+01	5.020094e+00
2.914000000000176e+01	5.020095e+00
2.915000000000176e+01	5.020095e+00
2.916000000000176e+01	5.020096e+00
2.917000000000176e+01	5.020096e+00
2.918000000000176e+01	5.020096e+00
2.919000000000176e+01	5.020097e+00
2.920000000000176e+01	5.020097e+00
2.921000000000177e+01	5.020097e+00
2.922000000000177e+01	5.020098e+00
2.923000000000177e+01	5.020098e+00
2.924000000000177e+01	5.020099e+00
2.925000000000177e+01	5.020099e+00
2.926000000000177e+01	5.020099e+00
2.927000000000178e+01	5.020100e+00
2.928000000000178e+01	5.020101e+00
2.929000000000178e+01	5.020101e+00
2.930000000000178e+01	5.020101e+00
2.931000000000178e+01	5.020101e+00
2.932000000000178e+01	5.020102e+00
2.933000000000179e+01	5.020102e+00
2.934000000000179e+01	5.020072e+00
2.935000000000179e+01	5.020103e+00
2.936000000000179e+01	5.020103e+00
2.937000000000179e+01	5.020103e+00
2.938000000000179e+01	5.020103e+00
2.939000000000179e+01	5.020104e+00
2.940000000000180e+01	5.020104e+00
2.941000000000180e+01	5.020105e+00
2.942000000000180e+01	5.020105e+00
2.943000000000180e+01	5.020105e+00
2.944000000000180e+01	5.020106e+00
2.945000000000180e+01	5.020106e+00
2.946000000000181e+01	5.020106e+00
2.947000000000181e+01	5.020107e+00
2.948000000000181e+01	5.020107e+00
2.949000000000181e+01	5.020108e+00
2.950000000000181e+01	5.020108e+00
2.951000000000181e+01	5.020108e+00
2.952000000000182e+01	5.020109e+00
2.953000000000182e+01	5.020109e+00
2.954000000000182e+01	5.020109e+00
2.955000000000182e+01	5.020109e+00
2.956000000000182e+01	5.020110e+00
2.957000000000182e+01	5.020110e+00
2.958000000000182e+01	5.020111e+00
2.959000000000183e+01	5.020111e+00
2.960000000000183e+01	5.020112e+00
2.961000000000183e+01	5.020112e+00
2.962000000000183e+01	5.020112e+00
2.963000000000183e+01	5.020113e+00
2.964000000000183e+01	5.020113e+00
2.965000000000184e+01	5.020113e+00
2.966000000000184e+01	5.020113e+00
2.967000000000184e+01	5.020114e+00
2.968000000000184e+01	5.020114e+00
2.969000000000184e+01	5.020114e+00
2.970000000000184e+01	5.020115e+00
2.971000000000184e+01	5.020115e+00
2.972000000000185e+01	5.020115e+00
2.973000000000185e+01	5.020116e+00
2.974000000000185e+01	5.020116e+00
2.975000000000185e+01	5.020117e+00
2.976000000000185e+01	5.020117e+00
2.977000000000185e+01	5.020117e+00
2.978000000000186e+01	5.020118e+00
2.979000000000186e+01	5.020118e+00
2.980000000000186e+01	5.020118e+00
2.981000000000186e+01	5.020119e+00
2.982000000000186e+01	5.020119e+00
2.983000000000186e+01	5.020119e+00
2.984000000000187e+01	5.020120e+00
2.985000000000187e+01	5.020120e+00
2.986000000000187e+01	5.020121e+00
2.987000000000187e+01	5.020121e+00
2.988000000000187e+01	5.020121e+00
2.989000000000187e+01	5.020122e+00
2.990000000000187e+01	5.020122e+00
2.991000000000188e+01	5.020122e+00
2.992000000000188e+01	5.020123e+00
2.993000000000188e+01	5.020123e+00
2.994000000000188e+01	5.020123e+00
2.995000000000188e+01	5.020123e+00
2.996000000000188e+01	5.020124e+00
2.997000000000189e+01	5.020124e+00
2.998000000000189e+01	5.020126e+00
2.999000000000189e+01	5.020125e+00
3.000000000000189e+01	5.020125e+00
3.001000000000189e+01	5.020125e+00
3.002000000000189e+01	5.020126e+00
3.003000000000189e+01	5.020126e+00
3.004000000000190e+01	5.020127e+00
3.005000000000190e+01	5.020127e+00
3.006000000000190e+01	5.020127e+00
3.007000000000190e+01	5.020128e+00
3.008000000000190e+01	5.020128e+00
3.009000000000190e+01	5.020128e+00
3.010000000000191e+01	5.020129e+00
3.011000000000191e+01	5.020129e+00
3.012000000000191e+01	5.020129e+00
3.013000000000191e+01	5.020130e+00
3.014000000000191e+01	5.020130e+00
3.015000000000191e+01	5.020130e+00
3.016000000000192e+01	5.020131e+00
3.017000000000192e+01	5.020131e+00
3.018000000000192e+01	5.020132e+00
3.019000000000192e+01	5.020132e+00
3.020000000000192e+01	5.020132e+00
3.021000000000192e+01	5.020133e+00
3.022000000000192e+01	5.020133e+00
3.023000000000193e+01	5.020133e+00
3.024000000000193e+01	5.020133e+00
3.025000000000193e+01	5.020134e+00
3.026000000000193e+01	5.020134e+00
3.027000000000193e+01	5.020134e+00
3.028000000000193e+01	5.020135e+00
3.029000000000194e+01	5.020135e+00
3.030000000000194e+01	5.020135e+00
3.031000000000194e+01	5.020136e+00
3.032000000000194e+01	5.020136e+00
3.033000000000194e+01	5.020136e+00
3.034000000000194e+01	5.020137e+00
3.035000000000194e+01	5.020137e+00
3.036000000000195e+01	5.020137e+00
3.037000000000195e+01	5.020138e+00
3.038000000000195e+01	5.020138e+00
3.039000000000195e+01	5.020138e+00
3.040000000000195e+01	5.020139e+00
3.041000000000195e+01	5.020139e+00
3.042000000000196e+01	5.020139e+00
3.043000000000196e+01	5.020140e+00
3.044000000000196e+01	5.020140e+00
3.045000000000196e+01	5.020141e+00
3.046000000000196e+01	5.020141e+00
3.047000000000196e+01	5.020141e+00
3.048000000000197e+01	5.020142e+00
3.049000000000197e+01	5.020142e+00
3.050000000000197e+01	5.020142e+00
3.051000000000197e+01	5.020143e+00
3.052000000000197e+01	5.020143e+00
3.053000000000197e+01	5.020143e+00
3.054000000000197e+01	5.020144e+00
3.055000000000198e+01	5.020144e+00
3.056000000000198e+01	5.020144e+00
3.057000000000198e+01	5.020144e+00
3.058000000000198e+01	5.020145e+00
3.059000000000198e+01	5.020145e+00
3.060000000000198e+01	5.020145e+00
3.061000000000199e+01	5.020146e+00
3.062000000000199e+01	5.020218e+00
3.063000000000199e+01	5.020134e+00
3.064000000000199e+01	5.020147e+00
3.065000000000199e+01	5.020147e+00
3.066000000000199e+01	5.020147e+00
3.067000000000199e+01	5.020148e+00
3.068000000000200e+01	5.020147e+00
3.069000000000200e+01	5.020148e+00
3.070000000000200e+01	5.020149e+00
3.071000000000200e+01	5.020149e+00
3.072000000000200e+01	5.020149e+00
3.073000000000200e+01	5.020150e+00
3.074000000000201e+01	5.020150e+00
3.075000000000201e+01	5.020150e+00
3.076000000000201e+01	5.020151e+00
3.077000000000201e+01	5.020151e+00
3.078000000000201e+01	5.020151e+00
3.079000000000201e+01	5.020152e+00
3.080000000000202e+01	5.020125e+00
3.081000000000202e+01	5.020152e+00
3.082000000000202e+01	5.020153e+00
3.083000000000202e+01	5.020153e+00
3.084000000000202e+01	5.020266e+00
3.085000000000202e+01	5.020154e+00
3.086000000000202e+01	5.020154e+00
3.087000000000203e+01	5.020154e+00
3.088000000000203e+01	5.020155e+00
3.089000000000203e+01	5.020165e+00
3.090000000000203e+01	5.020155e+00
3.091000000000203e+01	5.020155e+00
3.092000000000203e+01	5.020156e+00
3.093000000000204e+01	5.020156e+00
3.094000000000204e+01	5.020156e+00
3.095000000000204e+01	5.020157e+00
3.096000000000204e+01	5.020157e+00
3.097000000000204e+01	5.020157e+00
3.098000000000204e+01	5.020158e+00
3.099000000000204e+01	5.020158e+00
3.100000000000205e+01	5.020158e+00
3.101000000000205e+01	5.020159e+00
3.102000000000205e+01	5.020171e+00
3.103000000000205e+01	5.020164e+00
3.104000000000205e+01	5.020160e+00
3.105000000000205e+01	5.020160e+00
3.106000000000206e+01	5.020160e+00
3.107000000000206e+01	5.020161e+00
3.108000000000206e+01	5.020161e+00
3.109000000000206e+01	5.020161e+00
3.110000000000206e+01	5.020126e+00
3.111000000000206e+01	5.020162e+00
3.112000000000207e+01	5.020162e+00
3.113000000000207e+01	5.020163e+00
3.114000000000207e+01	5.020330e+00
3.115000000000207e+01	5.020165e+00
3.116000000000207e+01	5.020164e+00
3.117000000000207e+01	5.020164e+00
3.118000000000207e+01	5.020164e+00
3.119000000000208e+01	5.020145e+00
3.120000000000208e+01	5.020165e+00
3.121000000000208e+01	5.020165e+00
3.122000000000208e+01	5.020156e+00
3.123000000000208e+01	5.020166e+00
3.124000000000208e+01	5.020275e+00
3.125000000000209e+01	5.020166e+00
3.126000000000209e+01	5.020167e+00
3.127000000000209e+01	5.020167e+00
3.128000000000209e+01	5.020167e+00
3.129000000000209e+01	5.020168e+00
3.130000000000209e+01	5.020168e+00
3.131000000000209e+01	5.020168e+00
3.132000000000210e+01	5.020168e+00
3.133000000000210e+01	5.020169e+00
3.134000000000210e+01	5.020177e+00
3.135000000000210e+01	5.020169e+00
3.136000000000210e+01	5.020149e+00
3.137000000000210e+01	5.020171e+00
3.138000000000211e+01	5.020170e+00
3.139000000000211e+01	5.020171e+00
3.140000000000211e+01	5.020171e+00
3.141000000000211e+01	5.020171e+00
3.142000000000211e+01	5.020172e+00
3.143000000000211e+01	5.020172e+00
3.144000000000212e+01	5.020172e+00
3.145000000000212e+01	5.020173e+00
3.146000000000212e+01	5.020173e+00
3.147000000000212e+01	5.020173e+00
3.148000000000212e+01	5.020174e+00
3.149000000000212e+01	5.020174e+00
3.150000000000212e+01	5.020174e+00
3.151000000000213e+01	5.020175e+00
3.152000000000213e+01	5.020175e+00
3.153000000000213e+01	5.020175e+00
3.154000000000213e+01	5.020175e+00
3.155000000000213e+01	5.020176e+00
3.156000000000213e+01	5.020176e+00
3.157000000000214e+01	5.020165e+00
3.158000000000214e+01	5.020157e+00
3.159000000000214e+01	5.020154e+00
3.160000000000214e+01	5.020154e+00
3.161000000000214e+01	5.020154e+00
3.162000000000214e+01	5.020154e+00
3.163000000000214e+01	5.020154e+00
3.164000000000215e+01	5.020155e+00
3.165000000000215e+01	5.020155e+00
3.166000000000215e+01	5.020155e+00
3.167000000000215e+01	5.020156e+00
3.168000000000215e+01	5.020156e+00
3.169000000000215e+01	5.020157e+00
3.170000000000216e+01	5.020157e+00
3.171000000000216e+01	5.020157e+00
3.172000000000216e+01	5.020158e+00
3.173000000000216e+01	5.020158e+00
3.174000000000216e+01	5.020158e+00
3.175000000000216e+01	5.020159e+00
3.176000000000217e+01	5.020159e+00
3.177000000000217e+01	5.020159e+00
3.178000000000217e+01	5.020160e+00
3.179000000000217e+01	5.020160e+00
3.180000000000217e+01	5.020160e+00
3.181000000000217e+01	5.020161e+00
3.182000000000217e+01	5.020161e+00
3.183000000000218e+01	5.020161e+00
3.184000000000218e+01	5.020162e+00
3.185000000000218e+01	5.020162e+00
3.186000000000218e+01	5.020162e+00
3.187000000000218e+01	5.020163e+00
3.188000000000218e+01	5.020163e+00
3.189000000000219e+01	5.020163e+00
3.190000000000219e+01	5.020163e+00
3.191000000000219e+01	5.020164e+00
3.192000000000219e+01	5.020164e+00
3.193000000000219e+01	5.020164e+00
3.194000000000219e+01	5.020164e+00
3.195000000000219e+01	5.020164e+00
3.196000000000220e+01	5.020165e+00
3.197000000000220e+01	5.020165e+00
3.198000000000220e+01	5.020165e+00
3.199000000000220e+01	5.020166e+00
3.200000000000220e+01	5.020166e+00
3.201000000000220e+01	5.020166e+00
3.202000000000220e+01	5.020166e+00
3.203000000000220e+01	5.020167e+00
3.204000000000219e+01	5.020167e+00
3.205000000000219e+01	5.020167e+00
3.206000000000219e+01	5.020168e+00
3.207000000000219e+01	5.020168e+00
3.208000000000219e+01	5.020168e+00
3.209000000000218e+01	5.020169e+00
3.210000000000218e+01	5.020169e+00
3.211000000000218e+01	5.020169e+00
3.212000000000218e+01	5.020170e+00
3.213000000000218e+01	5.020170e+00
3.214000000000217e+01	5.020171e+00
3.215000000000217e+01	5.020172e+00
3.216000000000217e+01	5.020172e+00
3.217000000000217e+01	5.020173e+00
3.218000000000217e+01	5.020174e+00
3.219000000000216e+01	5.020174e+00
3.220000000000216e+01	5.020175e+00
3.221000000000216e+01	5.020176e+00
3.222000000000216e+01	5.020176e+00
3.223000000000216e+01	5.020177e+00
3.224000000000215e+01	5.020178e+00
3.225000000000215e+01	5.020179e+00
3.226000000000215e+01	5.020180e+00
3.227000000000215e+01	5.020181e+00
3.228000000000215e+01	5.020182e+00
3.229000000000214e+01	5.020182e+00
3.230000000000214e+01	5.020183e+00
3.231000000000214e+01	5.020184e+00
3.232000000000214e+01	5.020185e+00
3.233000000000214e+01	5.020185e+00
3.234000000000214e+01	5.020186e+00
3.235000000000213e+01	5.020186e+00
3.236000000000213e+01	5.020187e+00
3.237000000000213e+01	5.020187e+00
3.238000000000213e+01	5.020188e+00
3.239000000000213e+01	5.020188e+00
3.240000000000212e+01	5.020189e+00
3.241000000000212e+01	5.020189e+00
3.242000000000212e+01	5.020190e+00
3.243000000000212e+01	5.020190e+00
3.244000000000212e+01	5.020191e+00
3.245000000000211e+01	5.020191e+00
3.246000000000211e+01	5.020192e+00
3.247000000000211e+01	5.020192e+00
3.248000000000211e+01	5.020192e+00
3.249000000000211e+01	5.020193e+00
3.250000000000210e+01	5.020193e+00
3.251000000000210e+01	5.020194e+00
3.252000000000210e+01	5.020194e+00
3.253000000000210e+01	5.020194e+00
3.254000000000210e+01	5.020195e+00
3.255000000000209e+01	5.020195e+00
3.256000000000209e+01	5.020195e+00
3.257000000000209e+01	5.020195e+00
3.258000000000209e+01	5.020195e+00
3.259000000000209e+01	5.020196e+00
3.260000000000208e+01	5.020196e+00
3.261000000000208e+01	5.020196e+00
3.262000000000208e+01	5.020197e+00
3.263000000000208e+01	5.020197e+00
3.264000000000208e+01	5.020195e+00
3.265000000000207e+01	5.020196e+00
3.266000000000207e+01	5.020197e+00
3.267000000000207e+01	5.020199e+00
3.268000000000207e+01	5.020198e+00
3.269000000000207e+01	5.020195e+00
3.270000000000206e+01	5.020197e+00
3.271000000000206e+01	5.020192e+00
3.272000000000206e+01	5.020178e+00
3.273000000000206e+01	5.020189e+00
3.274000000000206e+01	5.020194e+00
3.275000000000205e+01	5.020207e+00
3.276000000000205e+01	5.020212e+00
3.277000000000205e+01	5.020212e+00
3.278000000000205e+01	5.020212e+00
3.279000000000205e+01	5.020213e+00
3.280000000000204e+01	5.020213e+00
3.281000000000204e+01	5.020213e+00
3.282000000000204e+01	5.020214e+00
3.283000000000204e+01	5.020214e+00
3.284000000000204e+01	5.020214e+00
3.285000000000203e+01	5.020215e+00
3.286000000000203e+01	5.020215e+00
3.287000000000203e+01	5.020215e+00
3.288000000000203e+01	5.020215e+00
3.289000000000203e+01	5.020289e+00
3.290000000000202e+01	5.020216e+00
3.291000000000202e+01	5.020216e+00
3.292000000000202e+01	5.020216e+00
3.293000000000202e+01	5.020216e+00
3.294000000000202e+01	5.020217e+00
3.295000000000201e+01	5.020219e+00
3.296000000000201e+01	5.020217e+00
3.297000000000201e+01	5.020202e+00
3.298000000000201e+01	5.020218e+00
3.299000000000201e+01	5.020223e+00
3.300000000000200e+01	5.020218e+00
3.301000000000200e+01	5.020219e+00
3.302000000000200e+01	5.020219e+00
3.303000000000200e+01	5.020217e+00
3.304000000000200e+01	5.020220e+00
3.305000000000199e+01	5.020220e+00
3.306000000000199e+01	5.020220e+00
3.307000000000199e+01	5.020221e+00
3.308000000000199e+01	5.020221e+00
3.309000000000199e+01	5.020230e+00
3.310000000000198e+01	5.020221e+00
3.311000000000198e+01	5.020222e+00
3.312000000000198e+01	5.020222e+00
3.313000000000198e+01	5.020222e+00
3.314000000000198e+01	5.020223e+00
3.315000000000197e+01	5.020223e+00
3.316000000000197e+01	5.020223e+00
3.317000000000197e+01	5.020223e+00
3.318000000000197e+01	5.020224e+00
3.319000000000197e+01	5.020224e+00
3.320000000000196e+01	5.020224e+00
3.321000000000196e+01	5.020225e+00
3.322000000000196e+01	5.020225e+00
3.323000000000196e+01	5.020225e+00
3.324000000000196e+01	5.020226e+00
3.325000000000195e+01	5.020226e+00
3.326000000000195e+01	5.020226e+00
3.327000000000195e+01	5.020226e+00
3.328000000000195e+01	5.020226e+00
3.329000000000195e+01	5.020226e+00
3.330000000000194e+01	5.020227e+00
3.331000000000194e+01	5.020286e+00
3.332000000000194e+01	5.020227e+00
3.333000000000194e+01	5.020237e+00
3.334000000000194e+01	5.020228e+00
3.335000000000193e+01	5.020228e+00
3.336000000000193e+01	5.020229e+00
3.337000000000193e+01	5.020229e+00
3.338000000000193e+01	5.020229e+00
3.339000000000193e+01	5.020229e+00
3.340000000000192e+01	5.020230e+00
3.341000000000192e+01	5.020230e+00
3.342000000000192e+01	5.020230e+00
3.343000000000192e+01	5.020231e+00
3.344000000000192e+01	5.020231e+00
3.345000000000191e+01	5.020153e+00
3.346000000000191e+01	5.020231e+00
3.347000000000191e+01	5.020235e+00
3.348000000000191e+01	5.020232e+00
3.349000000000191e+01	5.020232e+00
3.350000000000190e+01	5.020233e+00
3.351000000000190e+01	5.020234e+00
3.352000000000190e+01	5.020233e+00
3.353000000000190e+01	5.020233e+00
3.354000000000190e+01	5.020234e+00
3.355000000000189e+01	5.020234e+00
3.356000000000189e+01	5.020234e+00
3.357000000000189e+01	5.020235e+00
3.358000000000189e+01	5.020235e+00
3.359000000000189e+01	5.020235e+00
3.360000000000188e+01	5.020235e+00
3.361000000000188e+01	5.020236e+00
3.362000000000188e+01	5.020236e+00
3.363000000000188e+01	5.020236e+00
3.364000000000188e+01	5.020236e+00
3.365000000000187e+01	5.020236e+00
3.366000000000187e+01	5.020237e+00
3.367000000000187e+01	5.020237e+00
3.368000000000187e+01	5.020237e+00
3.369000000000187e+01	5.020237e+00
3.370000000000186e+01	5.020238e+00
3.371000000000186e+01	5.020238e+00
3.372000000000186e+01	5.020238e+00
3.373000000000186e+01	5.020239e+00
3.374000000000186e+01	5.020239e+00
3.375000000000185e+01	5.020239e+00
3.376000000000185e+01	5.020239e+00
3.377000000000185e+01	5.020240e+00
3.378000000000185e+01	5.020240e+00
3.379000000000185e+01	5.020240e+00
3.380000000000184e+01	5.020241e+00
3.381000000000184e+01	5.020241e+00
3.382000000000184e+01	5.020241e+00
3.383000000000184e+01	5.020241e+00
3.384000000000184e+01	5.020242e+00
3.385000000000183e+01	5.020251e+00
3.386000000000183e+01	5.020250e+00
3.387000000000183e+01	5.020251e+00
3.388000000000183e+01	5.020243e+00
3.389000000000183e+01	5.020243e+00
3.390000000000182e+01	5.020243e+00
3.391000000000182e+01	5.020244e+00
3.392000000000182e+01	5.020244e+00
3.393000000000182e+01	5.020244e+00
3.394000000000182e+01	5.020245e+00
3.395000000000181e+01	5.020245e+00
3.396000000000181e+01	5.020245e+00
3.397000000000181e+01	5.020245e+00
3.398000000000181e+01	5.020246e+00
3.399000000000181e+01	5.020246e+00
3.400000000000180e+01	5.020223e+00
3.401000000000180e+01	5.020247e+00
3.402000000000180e+01	5.020247e+00
3.403000000000180e+01	5.020247e+00
3.404000000000180e+01	5.020247e+00
3.405000000000179e+01	5.020247e+00
3.406000000000179e+01	5.020247e+00
3.407000000000179e+01	5.020248e+00
3.408000000000179e+01	5.020248e+00
3.409000000000179e+01	5.020248e+00
3.410000000000178e+01	5.020249e+00
3.411000000000178e+01	5.020249e+00
3.412000000000178e+01	5.020303e+00
3.413000000000178e+01	5.020249e+00
3.414000000000178e+01	5.020250e+00
3.415000000000177e+01	5.020250e+00
3.416000000000177e+01	5.020250e+00
3.417000000000177e+01	5.020250e+00
3.418000000000177e+01	5.020251e+00
3.419000000000177e+01	5.020251e+00
3.420000000000176e+01	5.020251e+00
3.421000000000176e+01	5.020252e+00
3.422000000000176e+01	5.020252e+00
3.423000000000176e+01	5.020252e+00
3.424000000000176e+01	5.020254e+00
3.425000000000176e+01	5.020254e+00
3.426000000000175e+01	5.020254e+00
3.427000000000175e+01	5.020198e+00
3.428000000000175e+01	5.020253e+00
3.429000000000175e+01	5.020254e+00
3.430000000000175e+01	5.020254e+00
3.431000000000174e+01	5.020254e+00
3.432000000000174e+01	5.020255e+00
3.433000000000174e+01	5.020255e+00
3.434000000000174e+01	5.020255e+00
3.435000000000174e+01	5.020255e+00
3.436000000000173e+01	5.020256e+00
3.437000000000173e+01	5.020256e+00
3.438000000000173e+01	5.020256e+00
3.439000000000173e+01	5.020256e+00
3.440000000000173e+01	5.020257e+00
3.441000000000172e+01	5.020257e+00
3.442000000000172e+01	5.020257e+00
3.443000000000172e+01	5.020257e+00
3.444000000000172e+01	5.020257e+00
3.445000000000172e+01	5.020258e+00
3.446000000000171e+01	5.020258e+00
3.447000000000171e+01	5.020258e+00
3.448000000000171e+01	5.020258e+00
3.449000000000171e+01	5.020259e+00
3.450000000000171e+01	5.020259e+00
3.451000000000170e+01	5.020259e+00
3.452000000000170e+01	5.020260e+00
3.453000000000170e+01	5.020260e+00
3.454000000000170e+01	5.020260e+00
3.455000000000170e+01	5.020260e+00
3.456000000000169e+01	5.020261e+00
3.457000000000169e+01	5.020261e+00
3.458000000000169e+01	5.020261e+00
3.459000000000169e+01	5.020261e+00
3.460000000000169e+01	5.020262e+00
3.461000000000168e+01	5.020262e+00
3.462000000000168e+01	5.020262e+00
3.463000000000168e+01	5.020262e+00
3.464000000000168e+01	5.020263e+00
3.465000000000168e+01	5.020263e+00
3.466000000000167e+01	5.020263e+00
3.467000000000167e+01	5.020264e+00
3.468000000000167e+01	5.020264e+00
3.469000000000167e+01	5.020264e+00
3.470000000000167e+01	5.020264e+00
3.471000000000166e+01	5.020265e+00
3.472000000000166e+01	5.020265e+00
3.473000000000166e+01	5.020265e+00
3.474000000000166e+01	5.020265e+00
3.475000000000166e+01	5.020266e+00
3.476000000000165e+01	5.020266e+00
3.477000000000165e+01	5.020266e+00
3.478000000000165e+01	5.020267e+00
3.479000000000165e+01	5.020267e+00
3.480000000000165e+01	5.020267e+00
3.481000000000164e+01	5.020267e+00
3.482000000000164e+01	5.020267e+00
3.483000000000164e+01	5.020267e+00
3.484000000000164e+01	5.020268e+00
3.485000000000164e+01	5.020268e+00
3.486000000000163e+01	5.020250e+00
3.487000000000163e+01	5.020268e+00
3.488000000000163e+01	5.020269e+00
3.489000000000163e+01	5.020269e+00
3.490000000000163e+01	5.020269e+00
3.491000000000162e+01	5.020269e+00
3.492000000000162e+01	5.020270e+00
3.493000000000162e+01	5.020270e+00
3.494000000000162e+01	5.020270e+00
3.495000000000162e+01	5.020271e+00
3.496000000000161e+01	5.020271e+00
3.497000000000161e+01	5.020271e+00
3.498000000000161e+01	5.020271e+00
3.499000000000161e+01	5.020272e+00
3.500000000000161e+01	5.020272e+00
3.501000000000160e+01	5.020272e+00
3.502000000000160e+01	5.020272e+00
3.503000000000160e+01	5.020273e+00
3.504000000000160e+01	5.020273e+00
3.505000000000160e+01	5.020273e+00
3.506000000000159e+01	5.020273e+00
3.507000000000159e+01	5.020274e+00
3.508000000000159e+01	5.020274e+00
3.509000000000159e+01	5.020274e+00
3.510000000000159e+01	5.020274e+00
3.511000000000158e+01	5.020275e+00
3.512000000000158e+01	5.020275e+00
3.513000000000158e+01	5.020275e+00
3.514000000000158e+01	5.020276e+00
3.515000000000158e+01	5.020276e+00
3.516000000000157e+01	5.020276e+00
3.517000000000157e+01	5.020276e+00
3.518000000000157e+01	5.020277e+00
3.519000000000157e+01	5.020277e+00
3.520000000000157e+01	5.020277e+00
3.521000000000156e+01	5.020277e+00
3.522000000000156e+01	5.020278e+00
3.523000000000156e+01	5.020278e+00
3.524000000000156e+01	5.020278e+00
3.525000000000156e+01	5.020278e+00
3.526000000000155e+01	5.020278e+00
3.527000000000155e+01	5.020278e+00
3.528000000000155e+01	5.020279e+00
3.529000000000155e+01	5.020279e+00
3.530000000000155e+01	5.020279e+00
3.531000000000154e+01	5.020279e+00
3.532000000000154e+01	5.020280e+00
3.533000000000154e+01	5.020280e+00
3.534000000000154e+01	5.020280e+00
3.535000000000154e+01	5.020280e+00
3.536000000000153e+01	5.020281e+00
3.537000000000153e+01	5.020281e+00
3.538000000000153e+01	5.020281e+00
3.539000000000153e+01	5.020282e+00
3.540000000000153e+01	5.020282e+00
3.541000000000152e+01	5.020282e+00
3.542000000000152e+01	5.020282e+00
3.543000000000152e+01	5.020283e+00
3.544000000000152e+01	5.020283e+00
3.545000000000152e+01	5.020283e+00
3.546000000000151e+01	5.020283e+00
3.547000000000151e+01	5.020284e+00
3.548000000000151e+01	5.020284e+00
3.549000000000151e+01	5.020284e+00
3.550000000000151e+01	5.020284e+00
3.551000000000150e+01	5.020285e+00
3.552000000000150e+01	5.020285e+00
3.553000000000150e+01	5.020285e+00
3.554000000000150e+01	5.020285e+00
3.555000000000150e+01	5.020286e+00
3.556000000000149e+01	5.020286e+00
3.557000000000149e+01	5.020286e+00
3.558000000000149e+01	5.020286e+00
3.559000000000149e+01	5.020287e+00
3.560000000000149e+01	5.020287e+00
3.561000000000148e+01	5.020287e+00
3.562000000000148e+01	5.020287e+00
3.563000000000148e+01	5.020288e+00
3.564000000000148e+01	5.020288e+00
3.565000000000148e+01	5.020288e+00
3.566000000000147e+01	5.020288e+00
3.567000000000147e+01	5.020288e+00
3.568000000000147e+01	5.020288e+00
3.569000000000147e+01	5.020289e+00
3.570000000000147e+01	5.020289e+00
3.571000000000146e+01	5.020289e+00
3.572000000000146e+01	5.020289e+00
3.573000000000146e+01	5.020290e+00
3.574000000000146e+01	5.020290e+00
3.575000000000146e+01	5.020290e+00
3.576000000000145e+01	5.020290e+00
3.577000000000145e+01	5.020291e+00
3.578000000000145e+01	5.020291e+00
3.579000000000145e+01	5.020291e+00
3.580000000000145e+01	5.020291e+00
3.581000000000144e+01	5.020292e+00
3.582000000000144e+01	5.020292e+00
3.583000000000144e+01	5.020292e+00
3.584000000000144e+01	5.020292e+00
3.585000000000144e+01	5.020293e+00
3.586000000000143e+01	5.020293e+00
3.587000000000143e+01	5.020293e+00
3.588000000000143e+01	5.020293e+00
3.589000000000143e+01	5.020294e+00
3.590000000000143e+01	5.020294e+00
3.591000000000142e+01	5.020294e+00
3.592000000000142e+01	5.020294e+00
3.593000000000142e+01	5.020295e+00
3.594000000000142e+01	5.020295e+00
3.595000000000142e+01	5.020295e+00
3.596000000000141e+01	5.020295e+00
3.597000000000141e+01	5.020296e+00
3.598000000000141e+01	5.020296e+00
3.599000000000141e+01	5.020296e+00
3.600000000000141e+01	5.020296e+00
3.601000000000140e+01	5.020297e+00
3.602000000000140e+01	5.020297e+00
3.603000000000140e+01	5.020297e+00
3.604000000000140e+01	5.020297e+00
3.605000000000140e+01	5.020298e+00
3.606000000000139e+01	5.020298e+00
3.607000000000139e+01	5.020298e+00
3.608000000000139e+01	5.020298e+00
3.609000000000139e+01	5.020298e+00
3.610000000000139e+01	5.020298e+00
3.611000000000138e+01	5.020299e+00
3.612000000000138e+01	5.020299e+00
3.613000000000138e+01	5.020299e+00
3.614000000000138e+01	5.020299e+00
3.615000000000138e+01	5.020322e+00
3.616000000000138e+01	5.020300e+00
3.617000000000137e+01	5.020300e+00
3.618000000000137e+01	5.020300e+00
3.619000000000137e+01	5.020301e+00
3.620000000000137e+01	5.020301e+00
3.621000000000137e+01	5.020301e+00
3.622000000000136e+01	5.020301e+00
3.623000000000136e+01	5.020302e+00
3.624000000000136e+01	5.020302e+00
3.625000000000136e+01	5.020302e+00
3.626000000000136e+01	5.020302e+00
3.627000000000135e+01	5.020303e+00
3.628000000000135e+01	5.020304e+00
3.629000000000135e+01	5.020305e+00
3.630000000000135e+01	5.020303e+00
3.631000000000135e+01	5.020304e+00
3.632000000000134e+01	5.020304e+00
3.633000000000134e+01	5.020304e+00
3.634000000000134e+01	5.020233e+00
3.635000000000134e+01	5.020305e+00
3.636000000000134e+01	5.020305e+00
3.637000000000133e+01	5.020305e+00
3.638000000000133e+01	5.020305e+00
3.639000000000133e+01	5.020304e+00
3.640000000000133e+01	5.020306e+00
3.641000000000133e+01	5.020306e+00
3.642000000000132e+01	5.020306e+00
3.643000000000132e+01	5.020307e+00
3.644000000000132e+01	5.020307e+00
3.645000000000132e+01	5.020307e+00
3.646000000000132e+01	5.020307e+00
3.647000000000131e+01	5.020308e+00
3.648000000000131e+01	5.020308e+00
3.649000000000131e+01	5.020308e+00
3.650000000000131e+01	5.020308e+00
3.651000000000131e+01	5.020308e+00
3.652000000000130e+01	5.020308e+00
3.653000000000130e+01	5.020308e+00
3.654000000000130e+01	5.020309e+00
3.655000000000130e+01	5.020309e+00
3.656000000000130e+01	5.020309e+00
3.657000000000129e+01	5.020309e+00
3.658000000000129e+01	5.020305e+00
3.659000000000129e+01	5.020313e+00
3.660000000000129e+01	5.020310e+00
3.661000000000129e+01	5.020310e+00
3.662000000000128e+01	5.020311e+00
3.663000000000128e+01	5.020311e+00
3.664000000000128e+01	5.020311e+00
3.665000000000128e+01	5.020311e+00
3.666000000000128e+01	5.020312e+00
3.667000000000127e+01	5.020312e+00
3.668000000000127e+01	5.020312e+00
3.669000000000127e+01	5.020312e+00
3.670000000000127e+01	5.020313e+00
3.671000000000127e+01	5.020429e+00
3.672000000000126e+01	5.020313e+00
3.673000000000126e+01	5.020313e+00
3.674000000000126e+01	5.020317e+00
3.675000000000126e+01	5.020316e+00
3.676000000000126e+01	5.020314e+00
3.677000000000125e+01	5.020314e+00
3.678000000000125e+01	5.020314e+00
3.679000000000125e+01	5.020315e+00
3.680000000000125e+01	5.020315e+00
3.681000000000125e+01	5.020315e+00
3.682000000000124e+01	5.020315e+00
3.683000000000124e+01	5.020316e+00
3.684000000000124e+01	5.020316e+00
3.685000000000124e+01	5.020316e+00
3.686000000000124e+01	5.020316e+00
3.687000000000123e+01	5.020317e+00
3.688000000000123e+01	5.020317e+00
3.689000000000123e+01	5.020317e+00
3.690000000000123e+01	5.020319e+00
3.691000000000123e+01	5.020318e+00
3.692000000000122e+01	5.020302e+00
3.693000000000122e+01	5.020431e+00
3.694000000000122e+01	5.020318e+00
3.695000000000122e+01	5.020319e+00
3.696000000000122e+01	5.020319e+00
3.697000000000121e+01	5.020319e+00
3.698000000000121e+01	5.020319e+00
3.699000000000121e+01	5.020319e+00
3.700000000000121e+01	5.020319e+00
3.701000000000121e+01	5.020319e+00
3.702000000000120e+01	5.020308e+00
3.703000000000120e+01	5.020320e+00
3.704000000000120e+01	5.020320e+00
3.705000000000120e+01	5.020320e+00
3.706000000000120e+01	5.020320e+00
3.707000000000119e+01	5.020321e+00
3.708000000000119e+01	5.020321e+00
3.709000000000119e+01	5.020321e+00
3.710000000000119e+01	5.020322e+00
3.711000000000119e+01	5.020322e+00
3.712000000000118e+01	5.020322e+00
3.713000000000118e+01	5.020326e+00
3.714000000000118e+01	5.020393e+00
3.715000000000118e+01	5.020334e+00
3.716000000000118e+01	5.020329e+00
3.717000000000117e+01	5.020328e+00
3.718000000000117e+01	5.020328e+00
3.719000000000117e+01	5.020329e+00
3.720000000000117e+01	5.020329e+00
3.721000000000117e+01	5.020329e+00
3.722000000000116e+01	5.020329e+00
3.723000000000116e+01	5.020329e+00
3.724000000000116e+01	5.020329e+00
3.725000000000116e+01	5.020330e+00
3.726000000000116e+01	5.020330e+00
3.727000000000115e+01	5.020330e+00
3.728000000000115e+01	5.020330e+00
3.729000000000115e+01	5.020331e+00
3.730000000000115e+01	5.020331e+00
3.731000000000115e+01	5.020331e+00
3.732000000000114e+01	5.020331e+00
3.733000000000114e+01	5.020331e+00
3.734000000000114e+01	5.020332e+00
3.735000000000114e+01	5.020332e+00
3.736000000000114e+01	5.020332e+00
3.737000000000113e+01	5.020332e+00
3.738000000000113e+01	5.020333e+00
3.739000000000113e+01	5.020333e+00
3.740000000000113e+01	5.020333e+00
3.741000000000113e+01	5.020333e+00
3.742000000000112e+01	5.020334e+00
3.743000000000112e+01	5.020334e+00
3.744000000000112e+01	5.020334e+00
3.745000000000112e+01	5.020334e+00
3.746000000000112e+01	5.020334e+00
3.747000000000111e+01	5.020335e+00
3.748000000000111e+01	5.020335e+00
3.749000000000111e+01	5.020335e+00
3.750000000000111e+01	5.020335e+00
3.751000000000111e+01	5.020336e+00
3.752000000000110e+01	5.020336e+00
3.753000000000110e+01	5.020336e+00
3.754000000000110e+01	5.020336e+00
3.755000000000110e+01	5.020337e+00
3.756000000000110e+01	5.020337e+00
3.757000000000109e+01	5.020337e+00
3.758000000000109e+01	5.020337e+00
3.759000000000109e+01	5.020337e+00
3.760000000000109e+01	5.020338e+00
3.761000000000109e+01	5.020338e+00
3.762000000000108e+01	5.020338e+00
3.763000000000108e+01	5.020338e+00
3.764000000000108e+01	5.020339e+00
3.765000000000108e+01	5.020339e+00
3.766000000000108e+01	5.020339e+00
3.767000000000107e+01	5.020339e+00
3.768000000000107e+01	5.020339e+00
3.769000000000107e+01	5.020335e+00
3.770000000000107e+01	5.020335e+00
3.771000000000107e+01	5.020335e+00
3.772000000000106e+01	5.020335e+00
3.773000000000106e+01	5.020336e+00
3.774000000000106e+01	5.020336e+00
3.775000000000106e+01	5.020336e+00
3.776000000000106e+01	5.020336e+00
3.777000000000105e+01	5.020336e+00
3.778000000000105e+01	5.020337e+00
3.779000000000105e+01	5.020337e+00
3.780000000000105e+01	5.020337e+00
3.781000000000105e+01	5.020337e+00
3.782000000000104e+01	5.020338e+00
3.783000000000104e+01	5.020338e+00
3.784000000000104e+01	5.020338e+00
3.785000000000104e+01	5.020338e+00
3.786000000000104e+01	5.020339e+00
3.787000000000103e+01	5.020339e+00
3.788000000000103e+01	5.020339e+00
3.789000000000103e+01	5.020339e+00
3.790000000000103e+01	5.020339e+00
3.791000000000103e+01	5.020339e+00
3.792000000000102e+01	5.020339e+00
3.793000000000102e+01	5.020340e+00
3.794000000000102e+01	5.020340e+00
3.795000000000102e+01	5.020340e+00
3.796000000000102e+01	5.020340e+00
3.797000000000101e+01	5.020340e+00
3.798000000000101e+01	5.020341e+00
3.799000000000101e+01	5.020341e+00
3.800000000000101e+01	5.020341e+00
3.801000000000101e+01	5.020341e+00
3.802000000000100e+01	5.020342e+00
3.803000000000100e+01	5.020342e+00
3.804000000000100e+01	5.020342e+00
3.805000000000100e+01	5.020342e+00
3.806000000000100e+01	5.020342e+00
3.807000000000100e+01	5.020343e+00
3.808000000000099e+01	5.020343e+00
3.809000000000099e+01	5.020343e+00
3.810000000000099e+01	5.020343e+00
3.811000000000099e+01	5.020344e+00
3.812000000000099e+01	5.020344e+00
3.813000000000098e+01	5.020344e+00
3.814000000000098e+01	5.020344e+00
3.815000000000098e+01	5.020344e+00
3.816000000000098e+01	5.020345e+00
3.817000000000098e+01	5.020345e+00
3.818000000000097e+01	5.020345e+00
3.819000000000097e+01	5.020345e+00
3.820000000000097e+01	5.020346e+00
3.821000000000097e+01	5.020346e+00
3.822000000000097e+01	5.020346e+00
3.823000000000096e+01	5.020346e+00
3.824000000000096e+01	5.020346e+00
3.825000000000096e+01	5.020347e+00
3.826000000000096e+01	5.020347e+00
3.827000000000096e+01	5.020347e+00
3.828000000000095e+01	5.020347e+00
3.829000000000095e+01	5.020348e+00
3.830000000000095e+01	5.020348e+00
3.831000000000095e+01	5.020348e+00
3.832000000000095e+01	5.020348e+00
3.833000000000094e+01	5.020348e+00
3.834000000000094e+01	5.020349e+00
3.835000000000094e+01	5.020349e+00
3.836000000000094e+01	5.020349e+00
3.837000000000094e+01	5.020349e+00
3.838000000000093e+01	5.020350e+00
3.839000000000093e+01	5.020305e+00
3.840000000000093e+01	5.020350e+00
3.841000000000093e+01	5.020350e+00
3.842000000000093e+01	5.020350e+00
3.843000000000092e+01	5.020350e+00
3.844000000000092e+01	5.020350e+00
3.845000000000092e+01	5.020351e+00
3.846000000000092e+01	5.020351e+00
3.847000000000092e+01	5.020351e+00
3.848000000000091e+01	5.020351e+00
3.849000000000091e+01	5.020351e+00
3.850000000000091e+01	5.020352e+00
3.851000000000091e+01	5.020352e+00
3.852000000000091e+01	5.020352e+00
3.853000000000090e+01	5.020352e+00
3.854000000000090e+01	5.020353e+00
3.855000000000090e+01	5.020353e+00
3.856000000000090e+01	5.020353e+00
3.857000000000090e+01	5.020353e+00
3.858000000000089e+01	5.020353e+00
3.859000000000089e+01	5.020354e+00
3.860000000000089e+01	5.020354e+00
3.861000000000089e+01	5.020354e+00
3.862000000000089e+01	5.020354e+00
3.863000000000088e+01	5.020355e+00
3.864000000000088e+01	5.020355e+00
3.865000000000088e+01	5.020355e+00
3.866000000000088e+01	5.020355e+00
3.867000000000088e+01	5.020355e+00
3.868000000000087e+01	5.020356e+00
3.869000000000087e+01	5.020356e+00
3.870000000000087e+01	5.020356e+00
3.871000000000087e+01	5.020356e+00
3.872000000000087e+01	5.020356e+00
3.873000000000086e+01	5.020357e+00
3.874000000000086e+01	5.020357e+00
3.875000000000086e+01	5.020357e+00
3.876000000000086e+01	5.020357e+00
3.877000000000086e+01	5.020358e+00
3.878000000000085e+01	5.020358e+00
3.879000000000085e+01	5.020358e+00
3.880000000000085e+01	5.020358e+00
3.881000000000085e+01	5.020358e+00
3.882000000000085e+01	5.020359e+00
3.883000000000084e+01	5.020359e+00
3.884000000000084e+01	5.020359e+00
3.885000000000084e+01	5.020359e+00
3.886000000000084e+01	5.020359e+00
3.887000000000084e+01	5.020360e+00
3.888000000000083e+01	5.020360e+00
3.889000000000083e+01	5.020360e+00
3.890000000000083e+01	5.020360e+00
3.891000000000083e+01	5.020360e+00
3.892000000000083e+01	5.020360e+00
3.893000000000082e+01	5.020360e+00
3.894000000000082e+01	5.020361e+00
3.895000000000082e+01	5.020361e+00
3.896000000000082e+01	5.020361e+00
3.897000000000082e+01	5.020361e+00
3.898000000000081e+01	5.020362e+00
3.899000000000081e+01	5.020362e+00
3.900000000000081e+01	5.020362e+00
3.901000000000081e+01	5.020362e+00
3.902000000000081e+01	5.020362e+00
3.903000000000080e+01	5.020363e+00
3.904000000000080e+01	5.020363e+00
3.905000000000080e+01	5.020363e+00
3.906000000000080e+01	5.020363e+00
3.907000000000080e+01	5.020363e+00
3.908000000000079e+01	5.020364e+00
3.909000000000079e+01	5.020364e+00
3.910000000000079e+01	5.020364e+00
3.911000000000079e+01	5.020364e+00
3.912000000000079e+01	5.020364e+00
3.913000000000078e+01	5.020365e+00
3.914000000000078e+01	5.020365e+00
3.915000000000078e+01	5.020365e+00
3.916000000000078e+01	5.020365e+00
3.917000000000078e+01	5.020366e+00
3.918000000000077e+01	5.020366e+00
3.919000000000077e+01	5.020366e+00
3.920000000000077e+01	5.020366e+00
3.921000000000077e+01	5.020366e+00
3.922000000000077e+01	5.020367e+00
3.923000000000076e+01	5.020367e+00
3.924000000000076e+01	5.020367e+00
3.925000000000076e+01	5.020367e+00
3.926000000000076e+01	5.020367e+00
3.927000000000076e+01	5.020368e+00
3.928000000000075e+01	5.020368e+00
3.929000000000075e+01	5.020366e+00
3.930000000000075e+01	5.020368e+00
3.931000000000075e+01	5.020368e+00
3.932000000000075e+01	5.020369e+00
3.933000000000074e+01	5.020369e+00
3.934000000000074e+01	5.020369e+00
3.935000000000074e+01	5.020369e+00
3.936000000000074e+01	5.020370e+00
3.937000000000074e+01	5.020516e+00
3.938000000000073e+01	5.020370e+00
3.939000000000073e+01	5.020370e+00
3.940000000000073e+01	5.020370e+00
3.941000000000073e+01	5.020370e+00
3.942000000000073e+01	5.020370e+00
3.943000000000072e+01	5.020370e+00
3.944000000000072e+01	5.020371e+00
3.945000000000072e+01	5.020371e+00
3.946000000000072e+01	5.020409e+00
3.947000000000072e+01	5.020371e+00
3.948000000000071e+01	5.020372e+00
3.949000000000071e+01	5.020372e+00
3.950000000000071e+01	5.020372e+00
3.951000000000071e+01	5.020372e+00
3.952000000000071e+01	5.020372e+00
3.953000000000070e+01	5.020373e+00
3.954000000000070e+01	5.020334e+00
3.955000000000070e+01	5.020373e+00
3.956000000000070e+01	5.020329e+00
3.957000000000070e+01	5.020373e+00
3.958000000000069e+01	5.020374e+00
3.959000000000069e+01	5.020374e+00
3.960000000000069e+01	5.020374e+00
3.961000000000069e+01	5.020374e+00
3.962000000000069e+01	5.020376e+00
3.963000000000068e+01	5.020484e+00
3.964000000000068e+01	5.020264e+00
3.965000000000068e+01	5.020277e+00
3.966000000000068e+01	5.020288e+00
3.967000000000068e+01	5.020297e+00
3.968000000000067e+01	5.020306e+00
3.969000000000067e+01	5.020313e+00
3.970000000000067e+01	5.020320e+00
3.971000000000067e+01	5.020327e+00
3.972000000000067e+01	5.020332e+00
3.973000000000066e+01	5.020337e+00
3.974000000000066e+01	5.020341e+00
3.975000000000066e+01	5.020344e+00
3.976000000000066e+01	5.020348e+00
3.977000000000066e+01	5.020350e+00
3.978000000000065e+01	5.020353e+00
3.979000000000065e+01	5.020356e+00
3.980000000000065e+01	5.020358e+00
3.981000000000065e+01	5.020360e+00
3.982000000000065e+01	5.020361e+00
3.983000000000064e+01	5.020363e+00
3.984000000000064e+01	5.020364e+00
3.985000000000064e+01	5.020365e+00
3.986000000000064e+01	5.020366e+00
3.987000000000064e+01	5.020367e+00
3.988000000000063e+01	5.020368e+00
3.989000000000063e+01	5.020368e+00
3.990000000000063e+01	5.020369e+00
3.991000000000063e+01	5.020369e+00
3.992000000000063e+01	5.020369e+00
3.993000000000062e+01	5.020369e+00
3.994000000000062e+01	5.020368e+00
3.995000000000062e+01	5.020368e+00
3.996000000000062e+01	5.020367e+00
3.997000000000062e+01	5.020377e+00
3.998000000000062e+01	5.020377e+00
3.999000000000061e+01	5.020378e+00
4.000000000000061e+01	5.020378e+00
4.001000000000061e+01	5.020378e+00
4.002000000000061e+01	5.020379e+00
4.003000000000061e+01	5.020379e+00
4.004000000000060e+01	5.020362e+00
4.005000000000060e+01	5.020371e+00
4.006000000000060e+01	5.020383e+00
4.007000000000060e+01	5.020383e+00
4.008000000000060e+01	5.020383e+00
4.009000000000059e+01	5.020373e+00
4.010000000000059e+01	5.020384e+00
4.011000000000059e+01	5.020384e+00
4.012000000000059e+01	5.020483e+00
4.013000000000059e+01	5.020384e+00
4.014000000000058e+01	5.020384e+00
4.015000000000058e+01	5.020385e+00
4.016000000000058e+01	5.020385e+00
4.017000000000058e+01	5.020380e+00
4.018000000000058e+01	5.020333e+00
4.019000000000057e+01	5.020385e+00
4.020000000000057e+01	5.020386e+00
4.021000000000057e+01	5.020386e+00
4.022000000000057e+01	5.020386e+00
4.023000000000057e+01	5.020386e+00
4.024000000000056e+01	5.020387e+00
4.025000000000056e+01	5.020387e+00
4.026000000000056e+01	5.020380e+00
4.027000000000056e+01	5.020387e+00
4.028000000000056e+01	5.020387e+00
4.029000000000055e+01	5.020387e+00
4.030000000000055e+01	5.020388e+00
4.031000000000055e+01	5.020386e+00
4.032000000000055e+01	5.020273e+00
4.033000000000055e+01	5.020388e+00
4.034000000000054e+01	5.020388e+00
4.035000000000054e+01	5.020389e+00
4.036000000000054e+01	5.020389e+00
4.037000000000054e+01	5.020352e+00
4.038000000000054e+01	5.020389e+00
4.039000000000053e+01	5.020389e+00
4.040000000000053e+01	5.020390e+00
4.041000000000053e+01	5.020390e+00
4.042000000000053e+01	5.020390e+00
4.043000000000053e+01	5.020390e+00
4.044000000000052e+01	5.020388e+00
4.045000000000052e+01	5.020391e+00
4.046000000000052e+01	5.020391e+00
4.047000000000052e+01	5.020391e+00
4.048000000000052e+01	5.020391e+00
4.049000000000051e+01	5.020390e+00
4.050000000000051e+01	5.020373e+00
4.051000000000051e+01	5.020391e+00
4.052000000000051e+01	5.020392e+00
4.053000000000051e+01	5.020392e+00
4.054000000000050e+01	5.020388e+00
4.055000000000050e+01	5.020387e+00
4.056000000000050e+01	5.020392e+00
4.057000000000050e+01	5.020392e+00
4.058000000000050e+01	5.020393e+00
4.059000000000049e+01	5.020393e+00
4.060000000000049e+01	5.020391e+00
4.061000000000049e+01	5.020381e+00
4.062000000000049e+01	5.020397e+00
4.063000000000049e+01	5.020394e+00
4.064000000000048e+01	5.020394e+00
4.065000000000048e+01	5.020394e+00
4.066000000000048e+01	5.020394e+00
4.067000000000048e+01	5.020394e+00
4.068000000000048e+01	5.020395e+00
4.069000000000047e+01	5.020396e+00
4.070000000000047e+01	5.020395e+00
4.071000000000047e+01	5.020395e+00
4.072000000000047e+01	5.020395e+00
4.073000000000047e+01	5.020396e+00
4.074000000000046e+01	5.020396e+00
4.075000000000046e+01	5.020396e+00
4.076000000000046e+01	5.020396e+00
4.077000000000046e+01	5.020396e+00
4.078000000000046e+01	5.020398e+00
4.079000000000045e+01	5.020397e+00
4.080000000000045e+01	5.020397e+00
4.081000000000045e+01	5.020397e+00
4.082000000000045e+01	5.020397e+00
4.083000000000045e+01	5.020377e+00
4.084000000000044e+01	5.020398e+00
4.085000000000044e+01	5.020398e+00
4.086000000000044e+01	5.020398e+00
4.087000000000044e+01	5.020398e+00
4.088000000000044e+01	5.020399e+00
4.089000000000043e+01	5.020399e+00
4.090000000000043e+01	5.020399e+00
4.091000000000043e+01	5.020399e+00
4.092000000000043e+01	5.020399e+00
4.093000000000043e+01	5.020444e+00
4.094000000000042e+01	5.020400e+00
4.095000000000042e+01	5.020400e+00
4.096000000000042e+01	5.020400e+00
4.097000000000042e+01	5.020400e+00
4.098000000000042e+01	5.020400e+00
4.099000000000041e+01	5.020401e+00
4.100000000000041e+01	5.020401e+00
4.101000000000041e+01	5.020401e+00
4.102000000000041e+01	5.020401e+00
4.103000000000041e+01	5.020401e+00
4.104000000000040e+01	5.020401e+00
4.105000000000040e+01	5.020401e+00
4.106000000000040e+01	5.020402e+00
4.107000000000040e+01	5.020402e+00
4.108000000000040e+01	5.020402e+00
4.109000000000039e+01	5.020402e+00
4.110000000000039e+01	5.020402e+00
4.111000000000039e+01	5.020402e+00
4.112000000000039e+01	5.020403e+00
4.113000000000039e+01	5.020403e+00
4.114000000000038e+01	5.020403e+00
4.115000000000038e+01	5.020403e+00
4.116000000000038e+01	5.020403e+00
4.117000000000038e+01	5.020330e+00
4.118000000000038e+01	5.020391e+00
4.119000000000037e+01	5.020358e+00
4.120000000000037e+01	5.020344e+00
4.121000000000037e+01	5.020404e+00
4.122000000000037e+01	5.020405e+00
4.123000000000037e+01	5.020452e+00
4.124000000000036e+01	5.020409e+00
4.125000000000036e+01	5.020405e+00
4.126000000000036e+01	5.020403e+00
4.127000000000036e+01	5.020406e+00
4.128000000000036e+01	5.020406e+00
4.129000000000035e+01	5.020406e+00
4.130000000000035e+01	5.020406e+00
4.131000000000035e+01	5.020406e+00
4.132000000000035e+01	5.020406e+00
4.133000000000035e+01	5.020407e+00
4.134000000000034e+01	5.020407e+00
4.135000000000034e+01	5.020408e+00
4.136000000000034e+01	5.020408e+00
4.137000000000034e+01	5.020408e+00
4.138000000000034e+01	5.020406e+00
4.139000000000033e+01	5.020408e+00
4.140000000000033e+01	5.020408e+00
4.141000000000033e+01	5.020408e+00
4.142000000000033e+01	5.020408e+00
4.143000000000033e+01	5.020409e+00
4.144000000000032e+01	5.020409e+00
4.145000000000032e+01	5.020409e+00
4.146000000000032e+01	5.020409e+00
4.147000000000032e+01	5.020409e+00
4.148000000000032e+01	5.020409e+00
4.149000000000031e+01	5.020410e+00
4.150000000000031e+01	5.020410e+00
4.151000000000031e+01	5.020410e+00
4.152000000000031e+01	5.020410e+00
4.153000000000031e+01	5.020410e+00
4.154000000000030e+01	5.020411e+00
4.155000000000030e+01	5.020411e+00
4.156000000000030e+01	5.020411e+00
4.157000000000030e+01	5.020411e+00
4.158000000000030e+01	5.020411e+00
4.159000000000029e+01	5.020411e+00
4.160000000000029e+01	5.020411e+00
4.161000000000029e+01	5.020411e+00
4.162000000000029e+01	5.020412e+00
4.163000000000029e+01	5.020412e+00
4.164000000000028e+01	5.020412e+00
4.165000000000028e+01	5.020412e+00
4.166000000000028e+01	5.020412e+00
4.167000000000028e+01	5.020413e+00
4.168000000000028e+01	5.020413e+00
4.169000000000027e+01	5.020413e+00
4.170000000000027e+01	5.020413e+00
4.171000000000027e+01	5.020413e+00
4.172000000000027e+01	5.020413e+00
4.173000000000027e+01	5.020414e+00
4.174000000000026e+01	5.020414e+00
4.175000000000026e+01	5.020414e+00
4.176000000000026e+01	5.020414e+00
4.177000000000026e+01	5.020414e+00
4.178000000000026e+01	5.020415e+00
4.179000000000025e+01	5.020415e+00
4.180000000000025e+01	5.020415e+00
4.181000000000025e+01	5.020415e+00
4.182000000000025e+01	5.020415e+00
4.183000000000025e+01	5.020416e+00
4.184000000000024e+01	5.020416e+00
4.185000000000024e+01	5.020416e+00
4.186000000000024e+01	5.020416e+00
4.187000000000024e+01	5.020416e+00
4.188000000000024e+01	5.020416e+00
4.189000000000024e+01	5.020417e+00
4.190000000000023e+01	5.020417e+00
4.191000000000023e+01	5.020418e+00
4.192000000000023e+01	5.020417e+00
4.193000000000023e+01	5.020389e+00
4.194000000000023e+01	5.020418e+00
4.195000000000022e+01	5.020418e+00
4.196000000000022e+01	5.020418e+00
4.197000000000022e+01	5.020483e+00
4.198000000000022e+01	5.020418e+00
4.199000000000022e+01	5.020418e+00
4.200000000000021e+01	5.020419e+00
4.201000000000021e+01	5.020419e+00
4.202000000000021e+01	5.020419e+00
4.203000000000021e+01	5.020419e+00
4.204000000000021e+01	5.020419e+00
4.205000000000020e+01	5.020420e+00
4.206000000000020e+01	5.020420e+00
4.207000000000020e+01	5.020420e+00
4.208000000000020e+01	5.020420e+00
4.209000000000020e+01	5.020420e+00
4.210000000000019e+01	5.020420e+00
4.211000000000019e+01	5.020421e+00
4.212000000000019e+01	5.020411e+00
4.213000000000019e+01	5.020432e+00
4.214000000000019e+01	5.020421e+00
4.215000000000018e+01	5.020421e+00
4.216000000000018e+01	5.020422e+00
4.217000000000018e+01	5.020422e+00
4.218000000000018e+01	5.020422e+00
4.219000000000018e+01	5.020422e+00
4.220000000000017e+01	5.020422e+00
4.221000000000017e+01	5.020423e+00
4.222000000000017e+01	5.020422e+00
4.223000000000017e+01	5.020422e+00
4.224000000000017e+01	5.020423e+00
4.225000000000016e+01	5.020423e+00
4.226000000000016e+01	5.020423e+00
4.227000000000016e+01	5.020436e+00
4.228000000000016e+01	5.020423e+00
4.229000000000016e+01	5.020607e+00
4.230000000000015e+01	5.020424e+00
4.231000000000015e+01	5.020424e+00
4.232000000000015e+01	5.020424e+00
4.233000000000015e+01	5.020424e+00
4.234000000000015e+01	5.020424e+00
4.235000000000014e+01	5.020424e+00
4.236000000000014e+01	5.020425e+00
4.237000000000014e+01	5.020425e+00
4.238000000000014e+01	5.020425e+00
4.239000000000014e+01	5.020425e+00
4.240000000000013e+01	5.020425e+00
4.241000000000013e+01	5.020457e+00
4.242000000000013e+01	5.020426e+00
4.243000000000013e+01	5.020458e+00
4.244000000000013e+01	5.020438e+00
4.245000000000012e+01	5.020431e+00
4.246000000000012e+01	5.020396e+00
4.247000000000012e+01	5.020515e+00
4.248000000000012e+01	5.020508e+00
4.249000000000012e+01	5.020427e+00
4.250000000000011e+01	5.020427e+00
4.251000000000011e+01	5.020453e+00
4.252000000000011e+01	5.020428e+00
4.253000000000011e+01	5.020428e+00
4.254000000000011e+01	5.020432e+00
4.255000000000010e+01	5.020428e+00
4.256000000000010e+01	5.020434e+00
4.257000000000010e+01	5.020415e+00
4.258000000000010e+01	5.020429e+00
4.259000000000010e+01	5.020429e+00
4.260000000000009e+01	5.020482e+00
4.261000000000009e+01	5.020429e+00
4.262000000000009e+01	5.020429e+00
4.263000000000009e+01	5.020435e+00
4.264000000000009e+01	5.020678e+00
4.265000000000008e+01	5.020452e+00
4.266000000000008e+01	5.020432e+00
4.267000000000008e+01	5.020430e+00
4.268000000000008e+01	5.020430e+00
4.269000000000008e+01	5.020431e+00
4.270000000000007e+01	5.020431e+00
4.271000000000007e+01	5.020431e+00
4.272000000000007e+01	5.020431e+00
4.273000000000007e+01	5.020431e+00
4.274000000000007e+01	5.020431e+00
4.275000000000006e+01	5.020432e+00
4.276000000000006e+01	5.020432e+00
4.277000000000006e+01	5.020432e+00
4.278000000000006e+01	5.020432e+00
4.279000000000006e+01	5.020432e+00
4.280000000000005e+01	5.020432e+00
4.281000000000005e+01	5.020432e+00
4.282000000000005e+01	5.020432e+00
4.283000000000005e+01	5.020433e+00
4.284000000000005e+01	5.020433e+00
4.285000000000004e+01	5.020433e+00
4.286000000000004e+01	5.020433e+00
4.287000000000004e+01	5.020433e+00
4.288000000000004e+01	5.020440e+00
4.289000000000004e+01	5.020434e+00
4.290000000000003e+01	5.020481e+00
4.291000000000003e+01	5.020438e+00
4.292000000000003e+01	5.020434e+00
4.293000000000003e+01	5.020443e+00
4.294000000000003e+01	5.020434e+00
4.295000000000002e+01	5.020435e+00
4.296000000000002e+01	5.020435e+00
4.297000000000002e+01	5.020435e+00
4.298000000000002e+01	5.020435e+00
4.299000000000002e+01	5.020435e+00
4.300000000000001e+01	5.020438e+00
4.301000000000001e+01	5.020436e+00
4.302000000000001e+01	5.020439e+00
4.303000000000001e+01	5.020679e+00
4.304000000000001e+01	5.020525e+00
4.305000000000000e+01	5.020324e+00
4.306000000000000e+01	5.020437e+00
4.307000000000000e+01	5.020437e+00
4.308000000000000e+01	5.020437e+00
4.309000000000000e+01	5.020437e+00
4.309999999999999e+01	5.020437e+00
4.310999999999999e+01	5.020437e+00
4.311999999999999e+01	5.020438e+00
4.312999999999999e+01	5.020438e+00
4.313999999999999e+01	5.020438e+00
4.314999999999998e+01	5.020438e+00
4.315999999999998e+01	5.020438e+00
4.316999999999998e+01	5.020439e+00
4.317999999999998e+01	5.020439e+00
4.318999999999998e+01	5.020439e+00
4.319999999999997e+01	5.020485e+00
4.320999999999997e+01	5.020429e+00
4.321999999999997e+01	5.020443e+00
4.322999999999997e+01	5.020440e+00
4.323999999999997e+01	5.020440e+00
4.324999999999996e+01	5.020448e+00
4.325999999999996e+01	5.020440e+00
4.326999999999996e+01	5.020446e+00
4.327999999999996e+01	5.020440e+00
4.328999999999996e+01	5.020441e+00
4.329999999999995e+01	5.020441e+00
4.330999999999995e+01	5.020441e+00
4.331999999999995e+01	5.020441e+00
4.332999999999995e+01	5.020443e+00
4.333999999999995e+01	5.020443e+00
4.334999999999994e+01	5.020442e+00
4.335999999999994e+01	5.020442e+00
4.336999999999994e+01	5.020442e+00
4.337999999999994e+01	5.020401e+00
4.338999999999994e+01	5.020442e+00
4.339999999999993e+01	5.020443e+00
4.340999999999993e+01	5.020443e+00
4.341999999999993e+01	5.020444e+00
4.342999999999993e+01	5.020442e+00
4.343999999999993e+01	5.020443e+00
4.344999999999992e+01	5.020443e+00
4.345999999999992e+01	5.020443e+00
4.346999999999992e+01	5.020443e+00
4.347999999999992e+01	5.020443e+00
4.348999999999992e+01	5.020444e+00
4.349999999999991e+01	5.020444e+00
4.350999999999991e+01	5.020444e+00
4.351999999999991e+01	5.020444e+00
4.352999999999991e+01	5.020444e+00
4.353999999999991e+01	5.020444e+00
4.354999999999990e+01	5.020449e+00
4.355999999999990e+01	5.020445e+00
4.356999999999990e+01	5.020445e+00
4.357999999999990e+01	5.020445e+00
4.358999999999990e+01	5.020695e+00
4.359999999999989e+01	5.020445e+00
4.360999999999989e+01	5.020446e+00
4.361999999999989e+01	5.020446e+00
4.362999999999989e+01	5.020446e+00
4.363999999999989e+01	5.020446e+00
4.364999999999988e+01	5.020446e+00
4.365999999999988e+01	5.020446e+00
4.366999999999988e+01	5.020447e+00
4.367999999999988e+01	5.020447e+00
4.368999999999988e+01	5.020447e+00
4.369999999999987e+01	5.020447e+00
4.370999999999987e+01	5.020447e+00
4.371999999999987e+01	5.020447e+00
4.372999999999987e+01	5.020448e+00
4.373999999999987e+01	5.020448e+00
4.374999999999986e+01	5.020448e+00
4.375999999999986e+01	5.020448e+00
4.376999999999986e+01	5.020451e+00
4.377999999999986e+01	5.020448e+00
4.378999999999986e+01	5.020449e+00
4.379999999999986e+01	5.020449e+00
4.380999999999985e+01	5.020449e+00
4.381999999999985e+01	5.020449e+00
4.382999999999985e+01	5.020449e+00
4.383999999999985e+01	5.020449e+00
4.384999999999985e+01	5.020450e+00
4.385999999999984e+01	5.020450e+00
4.386999999999984e+01	5.020450e+00
4.387999999999984e+01	5.020450e+00
4.388999999999984e+01	5.020452e+00
4.389999999999984e+01	5.020450e+00
4.390999999999983e+01	5.020451e+00
4.391999999999983e+01	5.020451e+00
4.392999999999983e+01	5.020451e+00
4.393999999999983e+01	5.020448e+00
4.394999999999983e+01	5.020451e+00
4.395999999999982e+01	5.020451e+00
4.396999999999982e+01	5.020452e+00
4.397999999999982e+01	5.020452e+00
4.398999999999982e+01	5.020452e+00
4.399999999999982e+01	5.020452e+00
4.400999999999981e+01	5.020452e+00
4.401999999999981e+01	5.020452e+00
4.402999999999981e+01	5.020452e+00
4.403999999999981e+01	5.020452e+00
4.404999999999981e+01	5.020463e+00
4.405999999999980e+01	5.020495e+00
4.406999999999980e+01	5.020453e+00
4.407999999999980e+01	5.020453e+00
4.408999999999980e+01	5.020453e+00
4.409999999999980e+01	5.020453e+00
4.410999999999979e+01	5.020453e+00
4.411999999999979e+01	5.020454e+00
4.412999999999979e+01	5.020454e+00
4.413999999999979e+01	5.020454e+00
4.414999999999979e+01	5.020454e+00
4.415999999999978e+01	5.020454e+00
4.416999999999978e+01	5.020444e+00
4.417999999999978e+01	5.020455e+00
4.418999999999978e+01	5.020455e+00
4.419999999999978e+01	5.020642e+00
4.420999999999977e+01	5.020455e+00
4.421999999999977e+01	5.020455e+00
4.422999999999977e+01	5.020455e+00
4.423999999999977e+01	5.020456e+00
4.424999999999977e+01	5.020456e+00
4.425999999999976e+01	5.020553e+00
4.426999999999976e+01	5.020456e+00
4.427999999999976e+01	5.020456e+00
4.428999999999976e+01	5.020458e+00
4.429999999999976e+01	5.020457e+00
4.430999999999975e+01	5.020457e+00
4.431999999999975e+01	5.020457e+00
4.432999999999975e+01	5.020457e+00
4.433999999999975e+01	5.020457e+00
4.434999999999975e+01	5.020457e+00
4.435999999999974e+01	5.020458e+00
4.436999999999974e+01	5.020458e+00
4.437999999999974e+01	5.020458e+00
4.438999999999974e+01	5.020458e+00
4.439999999999974e+01	5.020458e+00
4.440999999999973e+01	5.020458e+00
4.441999999999973e+01	5.020462e+00
4.442999999999973e+01	5.020459e+00
4.443999999999973e+01	5.020459e+00
4.444999999999973e+01	5.020459e+00
4.445999999999972e+01	5.020459e+00
4.446999999999972e+01	5.020459e+00
4.447999999999972e+01	5.020460e+00
4.448999999999972e+01	5.020451e+00
4.449999999999972e+01	5.020460e+00
4.450999999999971e+01	5.020460e+00
4.451999999999971e+01	5.020460e+00
4.452999999999971e+01	5.020460e+00
4.453999999999971e+01	5.020461e+00
4.454999999999971e+01	5.020461e+00
4.455999999999970e+01	5.020461e+00
4.456999999999970e+01	5.020461e+00
4.457999999999970e+01	5.020461e+00
4.458999999999970e+01	5.020461e+00
4.459999999999970e+01	5.020462e+00
4.460999999999969e+01	5.020462e+00
4.461999999999969e+01	5.020462e+00
4.462999999999969e+01	5.020462e+00
4.463999999999969e+01	5.020462e+00
4.464999999999969e+01	5.020462e+00
4.465999999999968e+01	5.020463e+00
4.466999999999968e+01	5.020463e+00
4.467999999999968e+01	5.020466e+00
4.468999999999968e+01	5.020467e+00
4.469999999999968e+01	5.020565e+00
4.470999999999967e+01	5.020463e+00
4.471999999999967e+01	5.020463e+00
4.472999999999967e+01	5.020463e+00
4.473999999999967e+01	5.020463e+00
4.474999999999967e+01	5.020463e+00
4.475999999999966e+01	5.020464e+00
4.476999999999966e+01	5.020464e+00
4.477999999999966e+01	5.020464e+00
4.478999999999966e+01	5.020464e+00
4.479999999999966e+01	5.020464e+00
4.480999999999965e+01	5.020464e+00
4.481999999999965e+01	5.020465e+00
4.482999999999965e+01	5.020465e+00
4.483999999999965e+01	5.020465e+00
4.484999999999965e+01	5.020493e+00
4.485999999999964e+01	5.020465e+00
4.486999999999964e+01	5.020465e+00
4.487999999999964e+01	5.020466e+00
4.488999999999964e+01	5.020466e+00
4.489999999999964e+01	5.020466e+00
4.490999999999963e+01	5.020466e+00
4.491999999999963e+01	5.020466e+00
4.492999999999963e+01	5.020466e+00
4.493999999999963e+01	5.020467e+00
4.494999999999963e+01	5.020475e+00
4.495999999999962e+01	5.020474e+00
4.496999999999962e+01	5.020473e+00
4.497999999999962e+01	5.020473e+00
4.498999999999962e+01	5.020467e+00
4.499999999999962e+01	5.020472e+00
4.500999999999961e+01	5.020471e+00
4.501999999999961e+01	5.020470e+00
4.502999999999961e+01	5.020470e+00
4.503999999999961e+01	5.020470e+00
4.504999999999961e+01	5.020470e+00
4.505999999999960e+01	5.020470e+00
4.506999999999960e+01	5.020470e+00
4.507999999999960e+01	5.020470e+00
4.508999999999960e+01	5.020470e+00
4.509999999999960e+01	5.020472e+00
4.510999999999959e+01	5.020472e+00
4.511999999999959e+01	5.020466e+00
4.512999999999959e+01	5.020470e+00
4.513999999999959e+01	5.020470e+00
4.514999999999959e+01	5.020470e+00
4.515999999999958e+01	5.020470e+00
4.516999999999958e+01	5.020470e+00
4.517999999999958e+01	5.020470e+00
4.518999999999958e+01	5.020470e+00
4.519999999999958e+01	5.020471e+00
4.520999999999957e+01	5.020471e+00
4.521999999999957e+01	5.020471e+00
4.522999999999957e+01	5.020471e+00
4.523999999999957e+01	5.020471e+00
4.524999999999957e+01	5.020471e+00
4.525999999999956e+01	5.020472e+00
4.526999999999956e+01	5.020472e+00
4.527999999999956e+01	5.020472e+00
4.528999999999956e+01	5.020472e+00
4.529999999999956e+01	5.020472e+00
4.530999999999955e+01	5.020472e+00
4.531999999999955e+01	5.020473e+00
4.532999999999955e+01	5.020473e+00
4.533999999999955e+01	5.020473e+00
4.534999999999955e+01	5.020473e+00
4.535999999999954e+01	5.020473e+00
4.536999999999954e+01	5.020473e+00
4.537999999999954e+01	5.020473e+00
4.538999999999954e+01	5.020473e+00
4.539999999999954e+01	5.020473e+00
4.540999999999953e+01	5.020474e+00
4.541999999999953e+01	5.020474e+00
4.542999999999953e+01	5.020474e+00
4.543999999999953e+01	5.020474e+00
4.544999999999953e+01	5.020474e+00
4.545999999999952e+01	5.020474e+00
4.546999999999952e+01	5.020474e+00
4.547999999999952e+01	5.020475e+00
4.548999999999952e+01	5.020475e+00
4.549999999999952e+01	5.020475e+00
4.550999999999951e+01	5.020475e+00
4.551999999999951e+01	5.020475e+00
4.552999999999951e+01	5.020475e+00
4.553999999999951e+01	5.020476e+00
4.554999999999951e+01	5.020476e+00
4.555999999999950e+01	5.020476e+00
4.556999999999950e+01	5.020476e+00
4.557999999999950e+01	5.020476e+00
4.558999999999950e+01	5.020476e+00
4.559999999999950e+01	5.020476e+00
4.560999999999949e+01	5.020477e+00
4.561999999999949e+01	5.020477e+00
4.562999999999949e+01	5.020477e+00
4.563999999999949e+01	5.020477e+00
4.564999999999949e+01	5.020477e+00
4.565999999999948e+01	5.020477e+00
4.566999999999948e+01	5.020545e+00
4.567999999999948e+01	5.020478e+00
4.568999999999948e+01	5.020478e+00
4.569999999999948e+01	5.020478e+00
4.570999999999948e+01	5.020478e+00
4.571999999999947e+01	5.020478e+00
4.572999999999947e+01	5.020478e+00
4.573999999999947e+01	5.020479e+00
4.574999999999947e+01	5.020479e+00
4.575999999999947e+01	5.020479e+00
4.576999999999946e+01	5.020479e+00
4.577999999999946e+01	5.020479e+00
4.578999999999946e+01	5.020479e+00
4.579999999999946e+01	5.020480e+00
4.580999999999946e+01	5.020480e+00
4.581999999999945e+01	5.020480e+00
4.582999999999945e+01	5.020480e+00
4.583999999999945e+01	5.020480e+00
4.584999999999945e+01	5.020480e+00
4.585999999999945e+01	5.020481e+00
4.586999999999944e+01	5.020481e+00
4.587999999999944e+01	5.020481e+00
4.588999999999944e+01	5.020481e+00
4.589999999999944e+01	5.020481e+00
4.590999999999944e+01	5.020481e+00
4.591999999999943e+01	5.020481e+00
4.592999999999943e+01	5.020482e+00
4.593999999999943e+01	5.020482e+00
4.594999999999943e+01	5.020482e+00
4.595999999999943e+01	5.020482e+00
4.596999999999942e+01	5.020482e+00
4.597999999999942e+01	5.020482e+00
4.598999999999942e+01	5.020483e+00
4.599999999999942e+01	5.020483e+00
4.600999999999942e+01	5.020483e+00
4.601999999999941e+01	5.020483e+00
4.602999999999941e+01	5.020483e+00
4.603999999999941e+01	5.020483e+00
4.604999999999941e+01	5.020483e+00
4.605999999999941e+01	5.020483e+00
4.606999999999940e+01	5.020483e+00
4.607999999999940e+01	5.020483e+00
4.608999999999940e+01	5.020484e+00
4.609999999999940e+01	5.020484e+00
4.610999999999940e+01	5.020484e+00
4.611999999999939e+01	5.020484e+00
4.612999999999939e+01	5.020484e+00
4.613999999999939e+01	5.020484e+00
4.614999999999939e+01	5.020484e+00
4.615999999999939e+01	5.020485e+00
4.616999999999938e+01	5.020485e+00
4.617999999999938e+01	5.020485e+00
4.618999999999938e+01	5.020485e+00
4.619999999999938e+01	5.020485e+00
4.620999999999938e+01	5.020485e+00
4.621999999999937e+01	5.020486e+00
4.622999999999937e+01	5.020486e+00
4.623999999999937e+01	5.020486e+00
4.624999999999937e+01	5.020486e+00
4.625999999999937e+01	5.020486e+00
4.626999999999936e+01	5.020486e+00
4.627999999999936e+01	5.020486e+00
4.628999999999936e+01	5.020487e+00
4.629999999999936e+01	5.020487e+00
4.630999999999936e+01	5.020487e+00
4.631999999999935e+01	5.020487e+00
4.632999999999935e+01	5.020487e+00
4.633999999999935e+01	5.020487e+00
4.634999999999935e+01	5.020487e+00
4.635999999999935e+01	5.020488e+00
4.636999999999934e+01	5.020488e+00
4.637999999999934e+01	5.020488e+00
4.638999999999934e+01	5.020488e+00
4.639999999999934e+01	5.020488e+00
4.640999999999934e+01	5.020488e+00
4.641999999999933e+01	5.020489e+00
4.642999999999933e+01	5.020489e+00
4.643999999999933e+01	5.020489e+00
4.644999999999933e+01	5.020489e+00
4.645999999999933e+01	5.020489e+00
4.646999999999932e+01	5.020489e+00
4.647999999999932e+01	5.020489e+00
4.648999999999932e+01	5.020490e+00
4.649999999999932e+01	5.020490e+00
4.650999999999932e+01	5.020490e+00
4.651999999999931e+01	5.020490e+00
4.652999999999931e+01	5.020490e+00
4.653999999999931e+01	5.020490e+00
4.654999999999931e+01	5.020490e+00
4.655999999999931e+01	5.020491e+00
4.656999999999930e+01	5.020491e+00
4.657999999999930e+01	5.020491e+00
4.658999999999930e+01	5.020491e+00
4.659999999999930e+01	5.020491e+00
4.660999999999930e+01	5.020491e+00
4.661999999999929e+01	5.020492e+00
4.662999999999929e+01	5.020492e+00
4.663999999999929e+01	5.020492e+00
4.664999999999929e+01	5.020492e+00
4.665999999999929e+01	5.020492e+00
4.666999999999928e+01	5.020492e+00
4.667999999999928e+01	5.020492e+00
4.668999999999928e+01	5.020493e+00
4.669999999999928e+01	5.020493e+00
4.670999999999928e+01	5.020493e+00
4.671999999999927e+01	5.020493e+00
4.672999999999927e+01	5.020493e+00
4.673999999999927e+01	5.020493e+00
4.674999999999927e+01	5.020493e+00
4.675999999999927e+01	5.020494e+00
4.676999999999926e+01	5.020494e+00
4.677999999999926e+01	5.020494e+00
4.678999999999926e+01	5.020494e+00
4.679999999999926e+01	5.020494e+00
4.680999999999926e+01	5.020494e+00
4.681999999999925e+01	5.020494e+00
4.682999999999925e+01	5.020494e+00
4.683999999999925e+01	5.020494e+00
4.684999999999925e+01	5.020494e+00
4.685999999999925e+01	5.020495e+00
4.686999999999924e+01	5.020495e+00
4.687999999999924e+01	5.020495e+00
4.688999999999924e+01	5.020495e+00
4.689999999999924e+01	5.020495e+00
4.690999999999924e+01	5.020495e+00
4.691999999999923e+01	5.020495e+00
4.692999999999923e+01	5.020496e+00
4.693999999999923e+01	5.020496e+00
4.694999999999923e+01	5.020496e+00
4.695999999999923e+01	5.020496e+00
4.696999999999922e+01	5.020496e+00
4.697999999999922e+01	5.020496e+00
4.698999999999922e+01	5.020497e+00
4.699999999999922e+01	5.020497e+00
4.700999999999922e+01	5.020497e+00
4.701999999999921e+01	5.020497e+00
4.702999999999921e+01	5.020497e+00
4.703999999999921e+01	5.020497e+00
4.704999999999921e+01	5.020497e+00
4.705999999999921e+01	5.020498e+00
4.706999999999920e+01	5.020498e+00
4.707999999999920e+01	5.020498e+00
4.708999999999920e+01	5.020498e+00
4.709999999999920e+01	5.020498e+00
4.710999999999920e+01	5.020498e+00
4.711999999999919e+01	5.020498e+00
4.712999999999919e+01	5.020499e+00
4.713999999999919e+01	5.020499e+00
4.714999999999919e+01	5.020499e+00
4.715999999999919e+01	5.020499e+00
4.716999999999918e+01	5.020499e+00
4.717999999999918e+01	5.020499e+00
4.718999999999918e+01	5.020499e+00
4.719999999999918e+01	5.020500e+00
4.720999999999918e+01	5.020500e+00
4.721999999999917e+01	5.020500e+00
4.722999999999917e+01	5.020500e+00
4.723999999999917e+01	5.020500e+00
4.724999999999917e+01	5.020500e+00
4.725999999999917e+01	5.020500e+00
4.726999999999916e+01	5.020501e+00
4.727999999999916e+01	5.020501e+00
4.728999999999916e+01	5.020501e+00
4.729999999999916e+01	5.020501e+00
4.730999999999916e+01	5.020501e+00
4.731999999999915e+01	5.020501e+00
4.732999999999915e+01	5.020501e+00
4.733999999999915e+01	5.020502e+00
4.734999999999915e+01	5.020502e+00
4.735999999999915e+01	5.020502e+00
4.736999999999914e+01	5.020502e+00
4.737999999999914e+01	5.020502e+00
4.738999999999914e+01	5.020502e+00
4.739999999999914e+01	5.020502e+00
4.740999999999914e+01	5.020503e+00
4.741999999999913e+01	5.020503e+00
4.742999999999913e+01	5.020503e+00
4.743999999999913e+01	5.020506e+00
4.744999999999913e+01	5.020568e+00
4.745999999999913e+01	5.020506e+00
4.746999999999912e+01	5.020504e+00
4.747999999999912e+01	5.020518e+00
4.748999999999912e+01	5.020504e+00
4.749999999999912e+01	5.020504e+00
4.750999999999912e+01	5.020504e+00
4.751999999999911e+01	5.020504e+00
4.752999999999911e+01	5.020504e+00
4.753999999999911e+01	5.020504e+00
4.754999999999911e+01	5.020504e+00
4.755999999999911e+01	5.020504e+00
4.756999999999911e+01	5.020504e+00
4.757999999999910e+01	5.020505e+00
4.758999999999910e+01	5.020505e+00
4.759999999999910e+01	5.020505e+00
4.760999999999910e+01	5.020505e+00
4.761999999999910e+01	5.020545e+00
4.762999999999909e+01	5.020505e+00
4.763999999999909e+01	5.020501e+00
4.764999999999909e+01	5.020506e+00
4.765999999999909e+01	5.020506e+00
4.766999999999909e+01	5.020506e+00
4.767999999999908e+01	5.020506e+00
4.768999999999908e+01	5.020506e+00
4.769999999999908e+01	5.020506e+00
4.770999999999908e+01	5.020506e+00
4.771999999999908e+01	5.020507e+00
4.772999999999907e+01	5.020507e+00
4.773999999999907e+01	5.020507e+00
4.774999999999907e+01	5.020507e+00
4.775999999999907e+01	5.020507e+00
4.776999999999907e+01	5.020507e+00
4.777999999999906e+01	5.020505e+00
4.778999999999906e+01	5.020508e+00
4.779999999999906e+01	5.020508e+00
4.780999999999906e+01	5.020508e+00
4.781999999999906e+01	5.020508e+00
4.782999999999905e+01	5.020508e+00
4.783999999999905e+01	5.020508e+00
4.784999999999905e+01	5.020508e+00
4.785999999999905e+01	5.020509e+00
4.786999999999905e+01	5.020509e+00
4.787999999999904e+01	5.020509e+00
4.788999999999904e+01	5.020509e+00
4.789999999999904e+01	5.020509e+00
4.790999999999904e+01	5.020509e+00
4.791999999999904e+01	5.020509e+00
4.792999999999903e+01	5.020510e+00
4.793999999999903e+01	5.020509e+00
4.794999999999903e+01	5.020495e+00
4.795999999999903e+01	5.020510e+00
4.796999999999903e+01	5.020510e+00
4.797999999999902e+01	5.020515e+00
4.798999999999902e+01	5.020510e+00
4.799999999999902e+01	5.020511e+00
4.800999999999902e+01	5.020511e+00
4.801999999999902e+01	5.020564e+00
4.802999999999901e+01	5.020511e+00
4.803999999999901e+01	5.020511e+00
4.804999999999901e+01	5.020511e+00
4.805999999999901e+01	5.020511e+00
4.806999999999901e+01	5.020512e+00
4.807999999999900e+01	5.020512e+00
4.808999999999900e+01	5.020535e+00
4.809999999999900e+01	5.020683e+00
4.810999999999900e+01	5.020582e+00
4.811999999999900e+01	5.020512e+00
4.812999999999899e+01	5.020512e+00
4.813999999999899e+01	5.020513e+00
4.814999999999899e+01	5.020513e+00
4.815999999999899e+01	5.020513e+00
4.816999999999899e+01	5.020519e+00
4.817999999999898e+01	5.020513e+00
4.818999999999898e+01	5.020513e+00
4.819999999999898e+01	5.020513e+00
4.820999999999898e+01	5.020513e+00
4.821999999999898e+01	5.020514e+00
4.822999999999897e+01	5.020514e+00
4.823999999999897e+01	5.020514e+00
4.824999999999897e+01	5.020514e+00
4.825999999999897e+01	5.020514e+00
4.826999999999897e+01	5.020514e+00
4.827999999999896e+01	5.020514e+00
4.828999999999896e+01	5.020514e+00
4.829999999999896e+01	5.020514e+00
4.830999999999896e+01	5.020514e+00
4.831999999999896e+01	5.020543e+00
4.832999999999895e+01	5.020511e+00
4.833999999999895e+01	5.020510e+00
4.834999999999895e+01	5.020509e+00
4.835999999999895e+01	5.020506e+00
4.836999999999895e+01	5.020505e+00
4.837999999999894e+01	5.020505e+00
4.838999999999894e+01	5.020515e+00
4.839999999999894e+01	5.020489e+00
4.840999999999894e+01	5.020516e+00
4.841999999999894e+01	5.020516e+00
4.842999999999893e+01	5.020516e+00
4.843999999999893e+01	5.020516e+00
4.844999999999893e+01	5.020516e+00
4.845999999999893e+01	5.020516e+00
4.846999999999893e+01	5.020517e+00
4.847999999999892e+01	5.020517e+00
4.848999999999892e+01	5.020517e+00
4.849999999999892e+01	5.020517e+00
4.850999999999892e+01	5.020517e+00
4.851999999999892e+01	5.020538e+00
4.852999999999891e+01	5.020517e+00
4.853999999999891e+01	5.020518e+00
4.854999999999891e+01	5.020518e+00
4.855999999999891e+01	5.020518e+00
4.856999999999891e+01	5.020518e+00
4.857999999999890e+01	5.020518e+00
4.858999999999890e+01	5.020539e+00
4.859999999999890e+01	5.020518e+00
4.860999999999890e+01	5.020519e+00
4.861999999999890e+01	5.020519e+00
4.862999999999889e+01	5.020519e+00
4.863999999999889e+01	5.020522e+00
4.864999999999889e+01	5.020522e+00
4.865999999999889e+01	5.020519e+00
4.866999999999889e+01	5.020519e+00
4.867999999999888e+01	5.020519e+00
4.868999999999888e+01	5.020520e+00
4.869999999999888e+01	5.020520e+00
4.870999999999888e+01	5.020520e+00
4.871999999999888e+01	5.020520e+00
4.872999999999887e+01	5.020520e+00
4.873999999999887e+01	5.020520e+00
4.874999999999887e+01	5.020520e+00
4.875999999999887e+01	5.020521e+00
4.876999999999887e+01	5.020521e+00
4.877999999999886e+01	5.020520e+00
4.878999999999886e+01	5.020521e+00
4.879999999999886e+01	5.020484e+00
4.880999999999886e+01	5.020521e+00
4.881999999999886e+01	5.020521e+00
4.882999999999885e+01	5.020555e+00
4.883999999999885e+01	5.020550e+00
4.884999999999885e+01	5.020522e+00
4.885999999999885e+01	5.020522e+00
4.886999999999885e+01	5.020522e+00
4.887999999999884e+01	5.020522e+00
4.888999999999884e+01	5.020522e+00
4.889999999999884e+01	5.020522e+00
4.890999999999884e+01	5.020523e+00
4.891999999999884e+01	5.020556e+00
4.892999999999883e+01	5.020523e+00
4.893999999999883e+01	5.020523e+00
4.894999999999883e+01	5.020523e+00
4.895999999999883e+01	5.020523e+00
4.896999999999883e+01	5.020523e+00
4.897999999999882e+01	5.020524e+00
4.898999999999882e+01	5.020524e+00
4.899999999999882e+01	5.020524e+00
4.900999999999882e+01	5.020524e+00
4.901999999999882e+01	5.020640e+00
4.902999999999881e+01	5.020524e+00
4.903999999999881e+01	5.020524e+00
4.904999999999881e+01	5.020525e+00
4.905999999999881e+01	5.020525e+00
4.906999999999881e+01	5.020525e+00
4.907999999999880e+01	5.020525e+00
4.908999999999880e+01	5.020525e+00
4.909999999999880e+01	5.020525e+00
4.910999999999880e+01	5.020525e+00
4.911999999999880e+01	5.020525e+00
4.912999999999879e+01	5.020525e+00
4.913999999999879e+01	5.020525e+00
4.914999999999879e+01	5.020525e+00
4.915999999999879e+01	5.020525e+00
4.916999999999879e+01	5.020526e+00
4.917999999999878e+01	5.020526e+00
4.918999999999878e+01	5.020526e+00
4.919999999999878e+01	5.020526e+00
4.920999999999878e+01	5.020526e+00
4.921999999999878e+01	5.020526e+00
4.922999999999877e+01	5.020526e+00
4.923999999999877e+01	5.020527e+00
4.924999999999877e+01	5.020527e+00
4.925999999999877e+01	5.020527e+00
4.926999999999877e+01	5.020527e+00
4.927999999999876e+01	5.020535e+00
4.928999999999876e+01	5.020527e+00
4.929999999999876e+01	5.020527e+00
4.930999999999876e+01	5.020530e+00
4.931999999999876e+01	5.020528e+00
4.932999999999875e+01	5.020528e+00
4.933999999999875e+01	5.020528e+00
4.934999999999875e+01	5.020528e+00
4.935999999999875e+01	5.020528e+00
4.936999999999875e+01	5.020530e+00
4.937999999999874e+01	5.020528e+00
4.938999999999874e+01	5.020530e+00
4.939999999999874e+01	5.020534e+00
4.940999999999874e+01	5.020541e+00
4.941999999999874e+01	5.020551e+00
4.942999999999873e+01	5.020575e+00
4.943999999999873e+01	5.020529e+00
4.944999999999873e+01	5.020529e+00
4.945999999999873e+01	5.020530e+00
4.946999999999873e+01	5.020530e+00
4.947999999999873e+01	5.020530e+00
4.948999999999872e+01	5.020530e+00
4.949999999999872e+01	5.020530e+00
4.950999999999872e+01	5.020530e+00
4.951999999999872e+01	5.020530e+00
4.952999999999872e+01	5.020530e+00
4.953999999999871e+01	5.020531e+00
4.954999999999871e+01	5.020542e+00
4.955999999999871e+01	5.020459e+00
4.956999999999871e+01	5.020531e+00
4.957999999999871e+01	5.020531e+00
4.958999999999870e+01	5.020531e+00
4.959999999999870e+01	5.020531e+00
4.960999999999870e+01	5.020531e+00
4.961999999999870e+01	5.020532e+00
4.962999999999870e+01	5.020532e+00
4.963999999999869e+01	5.020532e+00
4.964999999999869e+01	5.020532e+00
4.965999999999869e+01	5.020532e+00
4.966999999999869e+01	5.020532e+00
4.967999999999869e+01	5.020532e+00
4.968999999999868e+01	5.020533e+00
4.969999999999868e+01	5.020533e+00
4.970999999999868e+01	5.020533e+00
4.971999999999868e+01	5.020533e+00
4.972999999999868e+01	5.020533e+00
4.973999999999867e+01	5.020533e+00
4.974999999999867e+01	5.020533e+00
4.975999999999867e+01	5.020533e+00
4.976999999999867e+01	5.020534e+00
4.977999999999867e+01	5.020534e+00
4.978999999999866e+01	5.020534e+00
4.979999999999866e+01	5.020534e+00
4.980999999999866e+01	5.020485e+00
4.981999999999866e+01	5.020501e+00
4.982999999999866e+01	5.020481e+00
4.983999999999865e+01	5.020477e+00
4.984999999999865e+01	5.020486e+00
4.985999999999865e+01	5.020492e+00
4.986999999999865e+01	5.020502e+00
4.987999999999865e+01	5.020490e+00
4.988999999999864e+01	5.020528e+00
4.989999999999864e+01	5.020535e+00
4.990999999999864e+01	5.020498e+00
4.991999999999864e+01	5.020432e+00
4.992999999999864e+01	5.020535e+00
4.993999999999863e+01	5.020535e+00
4.994999999999863e+01	5.020535e+00
4.995999999999863e+01	5.020536e+00
4.996999999999863e+01	5.020536e+00
4.997999999999863e+01	5.020536e+00
4.998999999999862e+01	5.020536e+00
4.999999999999862e+01	5.020536e+00
